title,label
আপনার ফ্রেন্ড রিকুয়েস্ট কারা ঝুলিয়ে রেখেছে দেখে নিন,0
"ঢাকায় জনপ্রিয় হচ্ছে পুরুষ প’তি’তা পিছিয়ে নেই মেয়েরাও, কিভাবে কি করে ওরা দেখুন…",1
পরীমণি ইস্যুতে নতুন তথ্য দিলেন জায়েদ খান,0
একই বি’ছানায় আপন তিন বোনের এক স্বা’মী!,1
এক বয়ফ্রেন্ডের সঙ্গেই অ’ন্তরঙ্গ মুহূর্ত ভাগাভাগি করে ২ বোন,1
৪ বছর বয়সেই পিতা হলেন শহর আলী!,1
ভেন্টিলেটর তৈরি করলেন সিলেটের চার ‘বিস্ময় তরুণ’,0
"বিয়ে সংক্রান্ত ওয়েবসাইটে মিথ্যা প্রোফাইল বানিয়ে যৌ'ন হেনস্থা, ভারতে যুবক গ্রে'প্তার",0
ফাইজারের টিকা নিয়ে সুখবর জানালেন স্বাস্থ্যমন্ত্রী,0
গ্যাস্ট্রিকের সমস্যা এড়াতে যে বিষয়গুলো মাথায় রাখবেন,0
২ হা’জার বছরের পুরোনো ক’বরে পাওয়া গেলো আইফোন!,1
ঠিকমতো পারিশ্রমিক পেলে গাড়ি-বাড়ি থাকত,1
"অবিশ্বাস্য হলেও সত্য এখন থেকে ভাড়ায় পাওয়া যাবে বউ, ছেড়ে দিতে পারবেন মন মতো",1
যেখানে প্রথমবার একসঙ্গে রিয়াজ-পপি,1
দেড় বছর পর আড়াল ভেঙে শুটিংয়ে ফিরছেন শখ,0
প্রোটিয়াদের বিপক্ষে লঙ্কানদের লড়াকু পুঁজি,0
বেপরোয়া স্ত্রী নিয়ে বি’পাকে সেনা সদস্য,0
বিশ্বে ক'রোনায় মৃ'ত্যু ৩৭ লাখ ৮৮ হাজার ছাড়াল,0
দুবাই-আবুধাবি বাস সার্ভিস পুনরায় চালু,0
ফেসবুকে ‘বুড়ো’ হওয়ার ট্রেন্ড: আপনার তথ্য বিক্রি হয়ে যাচ্ছে!,1
"আগামী’র ভার্চ্যুয়াল অনুষ্ঠানে পাপেট, গান ও আড্ডা",0
"আমি পুরোটাই সিঙ্গেল, প্রকাশ্যে জানিয়ে দিলেন অভিনেত্রী শ্রাবন্তী",0
শিশুদের ইন্টারনেট ঝুঁকি কমাতে শিক্ষক-অভিভাবকদের স্মার্ট হতে হবে,0
অভিনয় আমার কাছে এবাদতের মতো: তারিন,0
ভাইরাল জ্বর সারাতে ভেষজ উপাদান,0
প্রকৃত শিল্পীরা কখনো খারাপ হতে পারে না,1
তিন মিনিটেই পাবেন গোলাপি ও নরম ঠোঁট,1
"এই ৭ ক্রিকেটার তাদের বোনকে বিয়ে করেছেন, এরমধ্যে বাংলাদেশি ৩ জন",1
"আমাদের শাকিব আছে, আমরাও একদিন টাইটানিক বানাবো: কাদের",0
বাবার স্বপ্ন পূরণ হোক!,1
শহর ছেড়ে গ্রামে গিয়ে কেনো মা হচ্ছেন অভিনেত্রী শখ?,1
প্রবাসীর ২২ বছরের বউকে বিয়ে করলো ১৪ বছরের তরুণ!,0
কারাগার থেকে রায়হানের স্ত্রীকে বিয়ের প্রস্তাব পাঠালেন এসআই আকবর,0
হোটেল স্পন্সর খুঁজছেন পরীমণি,0
"ফেসবুক-ম্যাসেঞ্জার ডাউন, ভোগান্তিতে কোটি গ্রাহক ",0
পুরুষের সঙ্গে ৬টি ‘মাইন্ড গেম’ খেলেন নারীরা,1
রাত ১২টায় চমকে গেলেন অপু বিশ্বাস,1
বীজবিহীন পেয়ারা চাষে সফলতা,0
শা’রীরিক মি’লনের সময় এই ভুলগুলো করলে আপনার কখ’নোই সন্তান হবে না!,1
"গার্মেন্টস খোলায় ঢাকার পথে বাবা, রাস্তায় দুই ছেলে রেখে মা উধাও",0
গরু কিনে ধরা খেলেন আবুল হায়াত,0
কেন একটি আম বিক্রি হচ্ছে এক হাজারে,1
পরীমনির বিরুদ্ধে গুরতর যেসব অভিযোগ পাওয়া গেছে,0
"সেমিফাইনালে যাওয়ার একটি সূক্ষ্ম সুযোগ আছে ভারতের, দেখে নিন সমীকরণ",0
মাত্র ১৫ বছর বয়সে মা হয়েছিলেন ঐশ্বরিয়া রায় এমনই চা-ঞ্চ-ল্য-কর দা-বি উঠে এলো প্রকাশ্যে বেড়েছে বচ্চন পরিবারে জল্পনা!,0
আর্জেন্টিনা ম্যাচের স্কোয়াড জানালো ব্রাজিল,0
একটি গানের জন্য মোটা অঙ্কের পারিশ্রমিক পাচ্ছেন সামান্থা,1
"এই শীত কাটিয়ে দিন গোসল না করেই, জেনে নিন গোসলের ১০টি বিকল্প উপায়",1
"ফ্যাক্টরিতে কিভাবে পরিশোধিত করে খাটি সোনা তৈরি করা হয়, আর কেনেই বা কেউ সোনার ফ্যাক্টরিতে কাজ করতে চায়না।",1
"এনজিওর মামলায় মা গ্রেফতার, বাড়িতে কাঁদছে দুধের শিশু",0
সালমান খান আরও পরিশ্রম করতে চান,0
অভিযোগের তীর ভেঙ্গে টানা দ্বিতীয় সেঞ্চুরি,1
বাকেরগঞ্জের ওসিসহ ৪ পুলিশের বিরুদ্ধে ব্যবস্থা নেওয়ার নির্দেশ,0
অভিনেত্রী যুবিকা চৌধুরী গ্রে’ফ’তার!,0
হাজার কোটিবারেরও বেশি ডাউনলোড হয়েছে গুগলের যেসব অ্যাপ - Techzoom.TV,1
কুকুর অপসারণ বন্ধে আদালতে অভিনেত্রী জয়া আহসান,0
স্কুলজীবনেই অমির সঙ্গে বন্ধুত্ব হয় পরীমনির!,0
সালমান আমাকে একাধিকবার ……করেছে,1
চলতি মাসেই একাধিক ঘূর্ণিঝ’ড়ের আভাস,0
টুপাক শাকুরের পাতানো সন্তান “আইভরি শাকুর” এর সাথে একটি ব্যক্তিগত সাক্ষাৎকার - Bengal Beats,0
"নতুন বউকে কোলে নিতে গিয়ে সপাটে আছাড় খেয়ে চিৎপটাং বর, নেটদুনিয়ায় তুমুল ভাইরাল ভিডিও",1
পূর্ণিমার পান বিক্রির ভিডিও ভাইরাল,1
বিড়ির ভাগ না দেয়ায় পিটিয়ে আহত ! নোয়াখাইল্লা আটক,0
স্মার্টফোন নকিয়া ও শাওমি তৈরি হচ্ছে বাংলাদেশে,0
আমার সবচেয়ে বড় ক্ষতি করেছেন হুমায়ূন আহমেদ : নায়ক রিয়াজ,1
ভাইকে বাঁচাতে গিয়ে ডুবে মরল শিশু লিথুনও,0
ডিজিটাল নিরাপত্তা আর নাগরিকের ডিজিটাল স্বাধীনতা সমান গুরুত্বপূর্ণ - Techzoom.TV,0
"সংযুক্ত আরব আমিরাত প্রবাসীরা স্বস্তিতে, স্বাভাবিক হয়েছে ফ্লাইট",0
দীর্ঘ দিনের প্রেম সফল করতে চাচি-ভাতিজার কা’ণ্ড!,1
উইন্ডোজ ১১ ব্যবহার করুন হেলথ চেকআপ ছাড়াই,0
"পুজোয় সিঁথিতে সিঁদুর দিয়ে যশের সঙ্গে নুসরাত, আসল কাহিনী ফাঁস",1
অবিশ্বাস্য হলেও সত্য! নদীর তীরে কচ্ছপ শিকার করল আস্ত জ্যান্ত বিশাল রুই মাছ( ভিডিওসহ),1
এক অদম্য বাবার বাস্তব গল্প; জুতো সেলাইয়ের ফাঁকে ছেলেকে পাঠদান,0
চট্টগ্রামে ১০ কেজি ওজনের কষ্টিপাথরের ‘শিবলিঙ্গ’ উদ্ধার,0
টিকাকেন্দ্র জানা যাবে ফেসবুকেই,0
সবাই করতেছে এখন আমি বিয়ে করলেই তো ‘বারোভাতারি’ বলবেন: শবনম ফারিয়া,0
চীনের বেল্ড অ্যান্ড রোডের বিকল্প পদক্ষেপ নিল পশ্চিমারা,0
নিউজিল্যান্ড ক্রিকেটারদের কোনো দোষ ছিল না,1
"ছেলের গানে মুগ্ধ চঞ্চল চৌধুরী, প্রকাশ্যে এলো ভিডিও",0
সেরা ফটোগ্রাফীর পুরষ্কার জিতলেন বরিশালের টগর,0
মায়ের কিডনি নিয়েও বাঁ’চতে পারলেন না অভিনেত্রী,0
"বউয়ের চেয়ে শাশুড়ির পারফরমেন্স ভাল, তাই শাশুড়িকে বিয়ে করেছিঃ মোনছের আলী",0
ইসরায়েলের নতুন প্রধানমন্ত্রী নাফতালি বেনেট,0
রাজশাহী মেডিকেলের করোনা ইউনিটে এক সপ্তাহে ৭০ জনের মৃ'ত্যু,0
কালোতে আমাকে চিকন লাগে: মাহি,0
দীঘির নায়ক এবার কলকাতার বনি,0
"টিএসসির ১০ টাকায় চা, সিঙ্গাড়া, সমুচা ও চপকে স্বীকৃতি দিলো গিনিজ বুক অফ ওয়ার্ল্ড রেকর্ডস",0
"মা’কে হারিয়ে কান্না থামে না কিছুতেই, ২ মাসের শিশুকে তবু কিছুটা উষ্ণতা দিল তুর্কি সেনা। ভিডিও…",1
ফুলের টবে মিললো কোটি টাকার স্বর্ণ,0
আপসোস করতে না চাইলে বয়স ৩০ হওয়ার আগেই এই ৭টি কাজ করুন,1
কুয়েতে শিক্ষাপ্রতিষ্ঠান খুললো দেড় বছর পর,0
পুরুষ মানুষের যে ৪ গুণে নারীরা দুর্বল,1
‘মনুষ্য ত্রুটি’র জন্য ক্ষমা চাইলেন সাকিব,0
সহজ সমীকরণ মেলালেই সুপার টুয়েলভে বাংলাদেশ,0
মিমের দাম পাঁচ লাখ ডলার!,1
"তাকে আমা’র কাছে ফিরিয়ে দিন, নয়তো আমাকে তার কাছে নিয়ে যান: ত্বহা’র স্ত্রী’",0
"কোয়েলের গোপন প্রেম, বিয়ে ও সংসার",0
১৪ হাজারে ৪ জিবির গ্যালাক্সির ফোন!,1
পরিসংখ্যানে মুখোমুখি ইংল্যান্ড-নিউজিল্যান্ড,0
প্রে’মের টানে বাংলাদেশে আসা বেদেশীদের কারো সং’সার টি’কেছে আবার কেউ পা’লিয়েছে।,0
গরুর ভুঁড়ি পরিষ্কার করার সহজ উপায়!,0
"৬ দিন পর সৌদি আরব যাওয়ার কথা, তার আগে যুবকের রহস্যজনক মৃ’ত্যু",0
পুলিশের সঙ্গে অভিনেত্রী শ্রাবন্তীর সেই ভিডিও ভাইরাল,1
"গ্রামের মেয়ের জনপ্রিয় গানে ফাটাফাটি নাচের ভিডিও না দেখলে মিস করবেন , ভিডিও সহ",1
মুখের মেদ কমছেই না? জেনে নিন সমাধান,1
লাটভিয়াকে দিয়ে ব্রাজিলকে মনে করালো জার্মান,0
দুবাইতে এবার বাংলাদেশিদের জন্য চালু হয়েছে কর্মসংস্থান ভিসা,0
মিডিয়া বাজারে ফের ঝড় তুললেন সানি লিওন,0
ভারতীয় ভিসার জন্য আবেদন করতে বললেন দোরাইস্বামী,0
ই-কমার্স ব্যবসায় সাকিব - Techzoom.TV,0
বড় চমক! এক সিনেমায় অক্ষয় ও ইমরান হাশমি,1
"ছা’দে দা’ড়িয়ে গো’স’ল, আবা’রো ভাই’রাল ভিডি’ও",1
ওমানের বিপক্ষে বাঁচা-মরার ম্যাচে বাংলাদেশের একাদশে একটি পরিবর্তন। দেখে নিন সম্ভাব্য একাদশ,0
হোলির রঙে কষ্টের রঙ মুছলেন অপু,0
তৃতীয়বারের মত কাকে বিয়ে করলেন প্রভা?,1
৭০ হাজার টাকার ফোন পাবেন মাত্র ২৫ হাজারে,0
হঠাৎ বিয়ের ঘোষণা দিলেন বাপ্পি চৌধুরী,0
খেলা শেষে বাসে করে ওমান যাবেন সাকিব,0
স্বামী বললেই সিনেমা ছেড়ে দিবো: কাজল আগরওয়াল,0
"শাওমি রেডমি ১০ – ফিচার, দাম ও স্পেসিফিকেশন",0
ময়ূরী এখন ধর্ম ও সংসার নিয়ে ব্যস্ত,0
যে কারণে গ্রে;ফতার হলেন আমির হামজা,0
১২ রাশির জাতক-জাতিকার কেমন যাবে দিনটি,1
কুয়েতে ৬০ বছর বয়সী প্রবাসীদের একামা নবায়নে খুশী প্রবাসীরা,0
"পুরুষের হা’রানো শ’ক্তি ফিরে পেতে,যে গাছের, পাতা , যেভাবে ব্যবহার করবেন",1
‘সন্ধ্যার পর মেয়েদের বের হওয়া ঠিক না’,1
"স্কুল শিক্ষক ছেলে আধপেটা খাইয়ে ফেলে রেখেছে, পুলিশে অভিযোগ বাবার",0
বলিউড তারকারা কে কত টাকার মালিক,0
নানা রহ’স্যে ঘেরা পরীমনির গাড়ি,1
ব্যাটারিচালিত রিকশা-ভ্যান বন্ধের সিদ্ধান্ত,0
নুসরাত ফারিয়ার প্রেমে পড়ার আট বছর,0
৫৪ বছরেও নিয়মিত কাজ করে যাচ্ছেন এই অভিনেত্রী,1
"দুর্দান্ত নাচ নেচে তাক লাগাল গ্রামের যুবতী গ্রামের রাস্তার মধ্যে, তুমুল ভাইরাল ভিডিও",1
সাকিবকে ছেড়ে দিচ্ছে কলকাতা!,0
বেস্ত আছি: আমিষুল | দৈনিক মতিকণ্ঠ,0
যেভাবে বুঝবেন সঙ্গী প্রতারণার পথে হাঁটছে,1
ছিঃ! কীভাবে এই দৃশ্যটি আমি দেখি: জয়া আহসান,1
"মাঠে হারলেন কোহলিরা, সোশ্যাল মিডিয়া তোপের মুখে শাস্ত্রি",0
"শপিংমল-দোকানপাট বন্ধ থাকবে কি না, যা জানালেন দোকান মালিক সমিতি",0
‘বন্ধু’ অমিকে নিয়ে নতুন তথ্য ফাঁ*স করলেন পরীমনি,1
"পরীমনির নাম শুনিনি, তবে তাকে দূর থেকে শ্রদ্ধা : তসলিমা নাসরিন",0
এতো দিন কোথায় ছিলেন অবশেষে নিজেই প্রকাশ করলেন আবু ত্ব-হা,1
দে’হব্যবসা করতে গিয়ে ধরা পড়লেন জনপ্রিয় উপস্থাপিকা,1
ভারতে’র সেরা’ পুরষ্কার হাতে বাংলাদেশের ‘জয়া আহসান’! জানালেন অনুভুতি,0
বাড়ি ফিরেছেন দীলিপ কুমার,0
২০২১ সালে স্মার্টফোন বিস্ফোরণের তালিকা - Techzoom.TV,0
১০টি পরিস্থিতি যখন আপনি কোন মিমে হাহা-রিয়েক্ট করেন না - Bengal Beats,1
বাড়িতে গ্যাস সি’লিন্ডার থাকলে এই ১০টি ভুল কখন’ই করবেন না,1
মন্ত্রীকে ধন্যবাদ দিলেন চলচ্চিত্র-নাটকের নেতারা,1
একজন কণ্ঠের অন্যজন রূপের জাদুকর,1
আবারো নতুন সংসার পাতার স্বপ্ন দেখছেন মাহি!,0
"মাসিক ৯০০ টাকা কিস্তিতে ২০ বছর মেয়াদি বাড়ি নির্মাণে ঋন দিবে বিএইচবিএফসি , পাবেন যেভাবে",0
১ সেপ্টেম্বর থেকে সারা দেশে একই দামে ইন্টারনেট,0
লেবুর চা‌হিদা বাড়ায় ভালো দামে খুশি চাষিরা,0
ক্যান্সার কোনো রোগ নয় বরং ব্যবসার ফাঁদ!,0
"তাহসানের উপর রাগ নেই, বিয়ে করায় রাগ যত আমার উপর: মিথিলা",0
জমজ সন্তান হওয়ার সম্ভাবনা বেশি থাকে যে সব নারীর!,1
কুরবানীর ঈদে আমাদের শহরকে পরিচ্ছন্ন রাখতে যা যা করণীয় এবং বর্জনীয়! - Bengal Beats,0
যেকারনে আবারো বেশ কিছু দিন ধরে অপুর বাসায় থাকছে শাকিব খান!,1
"নায়িকা ইরিন কোথায়, জানতে চায় শিল্পী সমিতি",0
ঢাকা মেডিকেলে ধরা পড়লো আরও ৫ নারী দালাল,0
সারাদিন টিভি দেখার জন্য থানায় শাশুড়ির বিরুদ্ধে পুত্রবধূর অভিযোগ!,0
"আতঙ্কে ছিলেন পরীমনি, জামা পরারও সুযোগ পাননি",1
"ধরা পড়লো টিকটক, লাইকি, ভিগো লাইভের ফাঁদ পাতা প্রতারক চক্র",0
ঠোঁ’ট দেখে চি’নে নিন কোন নারী কেমন!,1
বলিউডে অভিষেক হচ্ছে জয়া আহসানের,0
"মায়ের জন্মদিনে পাশে নেই আরিয়ান, আবেগঘন বোন সুহানা",0
ছদ্মবেশে শাহরুখপুত্রকে গ্রে’ফ’তার করা অফিসারের স্ত্রী এক বলিউড অভিনেত্রী!,1
অবাধ সুষ্ঠ নির্বাচন হলে বিএনপির সবার জামানত বাজেয়াপ্ত হবে : মির্জা আব্বাস,0
"শিক্ষকের লা’লসার শি’কার-ব্য’র্থ প্রেম, তবুও স্বমহিমায় উজ্জ্বল মুনমুন",0
"‘যাকে চিনি না, তার কথায় কী এসে যায়’",1
ইন্টারনেটে ফ্রি বলতে কি কিছু আছে?,1
"আব্বা আপনাদের না জানিয়ে রাফিউল এর সাথে কাজ করে ফেলছি,,মাফ করে দিও",1
আমাকে পুরো নগ্ন করেছিলেন পরিচালক,1
সমুদ্রের মাঝে বড় মাছ ধরতে গিয়ে বডি বিল্ডার এর কঠিন চেষ্টা এবং হাড্ডাহাড্ডি লড়াই করে অবশেষ এ মাছ ধরে দেখালেন ব্যাপক ভাইরাল ভিডিও!,1
"বন্যার পানিতে তলিয়ে গেল রাস্তা, সেখানে জাল ফেলতেই ধরা পড়ল প্রচুর মাছ, তুমুল ভাইরাল ভিডিও!",1
"ধানক্ষেতে বৃষ্টির মধ্যে দেখা মিলল এক অদ্ভুত রকমের কালো মাছ যা যুবকের জীবনটাই বদলে দিলো, ইন্টারনেটে ভিডিওটি তুমুল ভাইরাল",1
দুইদিন টিউশনি করানোর পর তৃতীয় দিন ছাত্রীর মা আমায় ডেকে নিয়ে…,1
"আকাশে বিদ্যুৎ চমকাতেই মাঠের মধ্যে উঠে এল কই মাছ, গ্রামের ছেলেরা আনন্দের সাথে মাছ ধরল, তুমুল ভাইরাল হল ভিডিও!",1
খুলনা বিভাগের ১২৬ ইউপি নির্বাচন স্থগিত,0
"টিকার ওপর না, আল্লাহ্‌র ওপর ভরসা করতে হবেঃ শামীম ওসমান",0
"হ্যাঁ, তার সাথে আমার প্রেম : সাওন",1
বিশেষ অভিযানে কিশোর গ্যাংয়ের ৪০ সদস্য আটক,0
"এক ঘুমেই ভুলে গেলেন ২০ বছরের স্মৃতি, ৩৭ বছরে ফিরে গেলেন স্কুলে",1
বিচার করতে গিয়ে হিমশিম খেতে হয়েছে : হৃদয় খান,1
ই-কমার্স খাতে জবাবদিহিতা বাড়াতে হবে - Techzoom.TV,0
যেভাবে জাম বিক্রিতে আয় ১৫ লাখ টাকা!,1
ব্যাটারদের কিসের এত তাড়া!,0
এবার গানের ভিডিওতে বিপাশা হায়াতের সঙ্গে মাশরাফি,0
ওজন কমাতে চাইলে যে পাঁচ ভুল করবেন না,1
দীঘির নায়ক এবার কলকাতার বনি,0
শহরের জনদুর্ভোগ যেন গ্রামে না যায়: এলজিআরডি মন্ত্রী,0
কাজের অতিরিক্ত সাড়ে ৪ কোটি টাকা ফেরত দিলেন ছাত্রলীগ নেতা,0
বৃষ্টি নিয়ে নতুন করে যা জানালো আবহাওয়া অফিস,1
"শরীরের দুই অংশে ব্যাথা, ডাক্তারের কাছে গিয়ে অপমানিত মিয়া খলিফা",0
কেনো হাঁটু গেড়ে বসেন কক,1
ক্যামেরা ও ড্রোন ব্যবসার আড়ালে অর্থ পাচার - Techzoom.TV,0
মসজিদের সামনে বসে ফ্রিতে নামাজিদের চা ও মিষ্টান্ন পরিবেশন করেন এ বৃদ্ধ,0
যে কারণে তিন বছর পর আবারও বিজ্ঞাপনে বুবলী,0
অবসর নেয়ার প্রশ্নে ক্ষেপে গিয়ে কড়া জবাব দিলেন রোনালদো,0
ওমানে কাজে লাগছে সাইফউদ্দিনের চট্টগ্রামের অভিজ্ঞতা,0
হঠাৎ যমুনা নদী ভেসে আসছে শত শত লা’শের মিছিল,0
"বিদেশি চাকরি ছেড়ে গরুর খামারি, বছরে আয় ৪৪ কোটি",0
যে কারণে গৌরিকে তিনবার বিয়ে করেন শাহরুখ খান,0
এবার বাবা-মায়ের পছন্দে বিয়ে করতে চান নোবেল,0
বসবাসের অযোগ্য শহরের তালিকায় দ্বিতীয় ঢাকা!,0
"এবার নজরদারিতে নায়লা নাইম, জানা গেল যত অ’ভিযোগ",1
"সুখবর,বিদেশফেরত কর্মীদের ৭০০ কোটি টাকা ঋ’ণ দিচ্ছে সরকার।",0
"পূর্ণিমাকে প্রস্তা’ব ফেরদৌসে’র,২ সপ্তাহ সম’য় নিলে’ন নায়ি’কা",1
নতুন যে গুঞ্জন তৈরি হয়েছে সেটা আমাকে অবাক করেছে: বুবলী,1
এবার চাঁদের দেশে জমি কিনবেন হিরো আলম,1
কিডনির ময়লা পরিস্কার করতে পারবেন আপনি নিজেই! খরচ হবে মাত্র ১০ টাকা।,1
"নকল সোনা দেয়ায় বিয়ের আসরে মারামারি, তালাক; জরিমানা দিয়ে বরপক্ষ বিদায়",0
নিজ গ্রামে টিকাদান কর্মসূচি মহেশের,0
সিয়াম ও পরীমণিকে নিয়ে নতুন মিশনে নামছেন সেলিম,0
মাই নেম ইজ খান এন্ড আই এম নট এ মৃণাল হকের ভাস্কর্য : শাহরুখ খান,0
পাসপোর্টে ‘এক্সেপ্ট ইসরায়েল’ না লেখা ফিলিস্তিনের জনগণের জন্য বেদনাদায়ক: ফিলিস্তিন রাষ্ট্রদূত,0
সৃজিত এখন আর ‘খেতে আসেন না’:মিথিলা,1
কাজী ফারুকই আমার অনুপ্রেরনা: ইউনূস | দৈনিক মতিকণ্ঠ,0
‘আমার বাচ্চার আসল বাবাকে খুঁজে দেবেন?’,1
সুপার ডান্সারের মঞ্চে তিরিং বিরিং করে শিশুদের সঙ্গে কোমর দুলিয়ে ভাইরাল যোগগুরু রামদেব,1
রেল ছাড়াই চালু হবে পদ্মা সেতু?,1
এবার রান্না শেখাবেন ড. মাহফুজুর রহমান,0
উপহারের বক্সে নায়িকাকে বিয়ের প্রস্তাব,0
স্বামীর সাবেক স্ত্রী অমৃতাকে নিয়ে মুখ খুললেন কারিনা!,1
হবু স্বামীকে প্রকাশ্যে আনলেন ন্যান্সি,0
"টানা ২ ঘন্টা ক’রে দেখিয়েছি, আমিও পারি : সালমা",1
"সাদা স্রা’ব কী, কেন হয় এবং প্র’তিকারের উপায়",1
পাদ ত্যাগ করছেন সৌদি বাদশাহ !,0
ঐশীকে নিয়ে পাবনায় শুভ,0
চলন্ত ট্রেন থেকে লাফ দিয়ে নামলেন দুই যুবতী,0
মন আর মস্তিষ্ক থেকে পুরুষতন্ত্র ঝেঁটিয়ে বিদায় করেছি: বাঁধন,0
"দিনে হোটেলে কাজ করতাম, রাতে করতাম অভিনয়",1
পুরুষের শক্তি বাড়ানোর ৪টি ঔষধি খাবার।,1
এই অবসরে কমেডি শোতে বিচারকের দায়িত্ব পালন করতে পারেন শাজাহান খান,0
আরিয়ানের বান্ধবীর স্যানিটারি প্যা’ডে লুকানো ছিল মা’দ’ক!,1
সন্তানদের মৃত্যু দেখে বেঁচে থাকার ইচ্ছেটুকুই হারিয়ে ফেলল এক মা হাঁস!,0
বাজার থেকে দুধ নামে কি কিনে খাচ্ছি আমরা?,0
"গাঁজা চাষে প্রচুর চাকরি, জনবল খুঁজছে কানাডা",0
বিসিবির সাথে বড় ঝামেলায় পরে গেল মাহমুদউল্লাহরা,0
শেষ পর্যন্ত প্রভাকে প্রস্তাব দিলেন হিরো আলম,1
"লাশ দাফনে বাধা, শাহীনের লাশ নিয়ে কবরস্থানে অসহায় ছেলের অপেক্ষা",0
মেয়েকে পরামর্শ দিয়ে গান গাইলেন মিথিলা,0
"ভিসা বাতিল করেছে ভারতীয় কর্তৃপক্ষ, সমাধানের আশায় আছি : ফেরদৌস",0
শাড়িতে মোহনীয় মিথিলা,0
"মায়ের গ’র্ভে ছে’লের সন্তান, পরে ছে’লেকেই বিয়ে করলেন মা !",0
অবশেষে জানা গেলো কোন ধর্ম অনুসরণ করেন নুসরাত,1
সন্তানের বয়স পাঁচ বছর হবার আগেই এই ৫টি বিষয় অবশ্যই শেখানো দরকার,0
"আমার শরীরটা ভালো না, আমার জন্য দোয়া করবেন : ডিপজল",0
৮৫ লাখ টাকায় শখ পূরণ করলেন চিত্রনায়িকা নুসরাত,0
দাঁত একদম সাদা ঝকঝকে করতে চান ? তাহলে আজ থেকেই ব্যবহার করুন এই জিনিস,1
ছোলা খাচ্ছেন দুটি বিষয় মাথায় না রাখলেই ঘটবে মা’রা’ত্ম’ক বি’পদ,1
"ফেসবুকে প্রেম করে , প্রেমিকার বাড়ি এসে ধরা খেল",0
৪ বছর আগের বিয়ের খবর ফাঁ’স অভিনেত্রী মম’র,0
এক পরিবর্তন নিয়ে বাংলাদেশে আসবে পাকিস্তান,1
ইমরানকে চুম্বনে রাজি না হওয়ায় সিনেমা থেকে বাদ কৃতি,0
দুই সন্তানের মা হয়েও কিভাবে ফিট থাকছেন নায়িকা বর্ষা,0
৩ মাস সালমানের বাগানবাড়িতে থাকলেন জ্যাকলিন,0
ফুলশয্যার রাতের গল্পটি পুরোটা পড়লে আপনার চোখের জল ধরে রাখতে পারবেন না…,1
তামিম জানালেন বাংলাদেশে কেন বাটলার তৈরি হয় না,0
"বৃষ্টির পানিতে ধানের ক্ষেতে মাছ ধরে তাক লাগিয়ে দিল, বাবা মেয়ে ঝড় তুলেছে সোশ্যাল মিডিয়ায় ইন্টারনেটে তুমুল ভাইরাল ভিডিও",1
‘হায়রে আমার কী সর্ব*নাশ হইলো রে’- বার বার মূর্চ্ছা যাচ্ছেন: তুষ্টির মা,1
দুই-একটা লাশ পড়লেও আমাদের জিততে হবে- মুক্তাদির,0
নির্বাচন তখন ভার্সেস নির্বাচন এখন : আগের এবং এখনকার নির্বাচনের মধ্যে মিল-অমিল,0
পর পর দুইটি দুঃসংবাদ টাইগার শিবিরে,0
ঐশ্বরিয়া ধীরে ধীরে রাজকুমারের প্রেমে পড়ছেন!,1
রাত হলে মেয়েরা গোপনে অনলাইনে এই জিনিসটি সার্চ করে,1
মানুষ না শোধরালে শিগগিরই আইনি ব্যবস্থা নেব: শাবনূর,0
"পরপর দুই ম্যাচে হাফ সেঞ্চুরি ঋতুরাজের, ঘোর কাটেনি আইপিএলের",0
আসুন জানি মাথার উকুন দূর করার সহজ পদ্ধতি,0
দিল্লিতে পোশাকের শোরুমে ভয়াবহ আগুন,0
৩ মাসে স্বাস্থ্য অধিদপ্তরের দুর্নী;তিমুক্ত করার চ্যা;লেঞ্জ গোলাম রাব্বানীর!,0
প্রতিদিনের আয় থেকেই ক্ষুধার্ত পাখিদের খাবার দেন ভ্যানচালক রিপন,0
আরও এক ধাপ পেছাল বাংলাদেশ,0
"আঙ্কেল আমাকে পরামর্শ দিয়েছেন, শর্ত না : দীঘি",0
এই ৩ টি লক্ষণ থাকলে বুঝতে হবে মেয়েটি কিছু চায়! -,1
প্রেমিকের সঙ্গে নায়িকা পরীমনি'র অন্তরঙ্গ ছবি প্রকাশ,1
বিশ্ব নিরাপদ ইন্টারনেট দিবস উদযাপিত হচ্ছে - Techzoom.TV,0
টাইগারদের পক্ষে জ্বলে উঠতে পারেন যারা,0
হল না খুলে ঢাবিতে সশরীরে পরীক্ষার সিদ্ধান্ত প্রত্যাখ্যান শিক্ষার্থীদের,0
মেয়েরাই বৃদ্ধ পিতা-মাতার সেবাযত্ন বেশি করেন,1
লাল তালিকাভূক্ত বাংলাদেশকে আর ওয়ার্ক পারমিট ভিসা দেবে না বাহরাইন,0
"একদিকে ঘূর্ণিঝ’ড়, অন্যদিকে আজ আকাশে দেখা মিলবে তিনটি চাঁদ",1
দিনের পর দিন স্বা’মীকে ঘু’মের ও’ষুধ খাইয়ে প্রেমিকের সাথে রা’ত্রিযা’পন করে স্ত্রী,0
টিভিতে আজকের খেলার সূচি,0
"মিষ্টিকে যেভাবে বিয়ে করেন ইমাম, জানালেন নতুন গোপন তথ্য",1
সুখবর: ডাচবাংলা ব্যাংক থেকে ২০ লাখ টাকা ঋ;ণ যে ভাবে পাবেন আপনি!,1
ভা’ঙ’তে বসেছে মিথিলা সৃজি’তের সং’সা’র…,0
হু হু! আমার এমপি হওয়ার সম্ভাবনা প্রবল,0
"ভয়াবহ প্রাকৃতিক দুর্যোগের কবলে ওমান, আজ আঘাত হানবে ঘূর্ণিঝড়",0
আন্তর্জাতিক শান্তি দিবসে গ্লোবাল পিস অ্যান্ড হিউম্যানিটারিয়ান অ্যাওয়ার্ড ২০২১,0
৭০০ কিলোমিটার হাঁটার পর সোনুর দেখা পেলেন ভক্ত,0
১০ সেকেন্ডে এক হাঁড়ি দই সাবাড় করলেন জার্মান রাষ্ট্রদূত!,0
খিদে পেলে খেয়ে নেয়া যাবে এই শাড়ি,1
"ভারতীয় দলে ‘গ্রুপিং’ চরমে, অবসর নেয়ার চিন্তায় কোহলি!",0
"পরীমনি নামটাও শুনিনি, আমার গাড়ি দেওয়ার সামর্থ্য নেই: সিটি ব্যাংকের এমডি",0
ভলিবল নেশনস লিগে আমেরিকাকে ৩-০ সেটে হারাল ইরান,0
ঈদের পর গণপরিবহন নিয়ে যে সিদ্ধান্ত নিল সরকার,1
ফেসবুকে যোগ দিলেন বাংলাদেশের মুন,0
মাদক মামলায় জিজ্ঞাসাবাদের পর শাহরুখের ছেলে আরিয়ান গ্রেফতার,0
ফেলে দেয়া কলার খোসায় বাজিমাত,1
তুরস্ককে উড়িয়ে জয় শুরু ইতালির,0
"প্রচন্ড গরমে ফ্রিজে রাখার পরও খাবার দ্রুত ন’ষ্ট হয়ে যায়, জে’নে নিন ফ্রিজ ব্যবহারের কয়েকটি কৌশল!",0
গাড়ি ফিরিয়ে দিলেন কাদের,0
নিউ ইয়র্কের রাস্তায় ‘রিকশা’ চালাচ্ছেন জনপ্রিয় মুখ ‘সন্দীপ্তা সেন’,0
"আপনার শিশুর মানসিক সৃজনশীলতা বাড়াতে যা যা করা প্রয়োজন, জেনে নিন বিস্তারিত",0
কারিনার থেকে তিনগুণ বেশি পারিশ্রমিক কঙ্গনার!,0
আল আকসায় দলে দলে ইসরায়েলি ঢুকে পড়ায় উত্তেজনা,0
ঈদে লকডাউনের কেমন রূপ থাকতে পারে জানালেন প্রতিমন্ত্রী,0
বিবাহিত-অবিবাহিত ফুটবল ম্যাচে বলে হেড দিতে গিয়ে প্রা’ণ গেল যুবকের,0
নায়িকা পরীমনির জামিন বহাল রেখেছেন আদালত,0
"ডিপজলের বিয়ে, বয়স নিয়ে ভাবছেন না কনে",0
ভয় না পাওয়ার মন্ত্র নিয়ে নামবে বাংলাদেশ বিস্তারিত নিচে,0
নুসরাতের বিয়ে নিয়ে ক’টা’ক্ষ করে যা বললেন শ্রীলেখা,1
"ঐশ্ব’রিয়া নয়, ৬৬ বছরের এই ‘হট অভিনেত্রীর জন্যই আজও ব্যাচেলর সালমান",1
"মাত্র ৩০ হাজার টাকা নিয়ে ব্যবসা শুরু করে, আজ বছরে ৬০ লাখ টাকা ইনকাম করেছে এই তরুণীর",1
করোনার চেয়ে নির্বাচন গুরুত্বপূর্ণ: সিইসি,0
"মিমির ৭ হাজার ছবি, ৫০০ ভিডিও উধাও!",1
গরম লাগলে আমার কোলে বসুন : নারীযাত্রীকে উবার চালক,1
আইফোনের ‘ঈদ মেগা ডিল’,0
সারা দেশে গ্যাস সংকট থাকবে তিন দিন,0
অবশেষে ক্ষমা চাইলেন নায়ক ফেরদৌস,0
ধুমধা’ম করে পিতৃহারা মেয়েটিকে বিয়ে দিলেন আ.লীগ নেতা,0
কৃষকের ঘরে একসঙ্গে তিন নবজা’তকের জন্ম,0
মিথিলা আমাকে আব্বু বলে ডাকে: সৃজিত,0
"বাজেট: দাম বাড়ল সি;গারেটের, জেনে নিন কোন সি;গারেট কত বাড়ল!",1
চাঁদের মাটিতে প্রথম নারী মহাকাশচারী পাঠাচ্ছে আমিরাত,0
জেমসকে বি’য়ে করাটা’ই ছিল আমার জীবনে’র সবচে’য়ে বড় ভু’ল!,1
সোমবার ভারী বর্ষণসহ ২ নম্বর সংকেত,0
নতুন শঙ্কা নিয়ে আকাশে উড়ছে বোয়িং ৭৩৭ ম্যাক্স,0
স্বামী-স্ত্রী কমপক্ষে ৫ মিনিট জড়িয়ে ধরে শুয়ে থাকার উপকার গুলো সকলের জানা দরকার,1
‘মাসুদ রানা’ সিনেমায় থাকছেন না পিয়া জান্নাতুল,0
"মিলল না জামিন, সোমবার পর্যন্ত এনসিবি হেফাজতে শাহরুখ পুত্র",0
"দিঘিকে সবসময় টিকটকেই দেখা যায়, তাহলে কেন তাকে লোকে টাকা দিয়ে হলে ছবি দেখবে : সেলিম",0
প্রাথমিক বিদ্যালয়েও থাকবে প্রোগ্রামিং শিক্ষার সুযোগ: পলক,0
ঢাকা বিশ্ববিদ্যালয়ে চান্স পাওয়ার পর যে ৮টি কাজ করতে ভুলবেন না,1
আমির খানের মেয়ের ভিডিও ভাইরাল,0
ভাগ্য বদলাতে লাশ কাটা ঘরে কাজ করেন সেলিনা,0
"নোয়াখালীতে ফের বেড়েছে করোনার সংক্রমণ, আরও ১ জনের মৃত্যু",0
আওয়ামী লীগ ও ঐক্যফ্রন্ট দুই দলের নির্বাচনী ইশতেহারেই যা নেই,1
"গোলাপি ঘাগড়া তে হুবহু যেন মাধুরী, ‘আজা নাচলে’ গানে দুর্দান্ত নাচ করলেন সুন্দরী তরুণী, ভাইরাল ভিডিও",1
আমি পাকিস্তানের জন্য প্রাণ দিতে পারি: মিয়া খলিফা,0
নুসরাতের মা হওয়া নিয়ে অবশেষে মুখ খুললেন কোয়েল মল্লিক,1
"পানি শুকনোর পর মাটি থেকে বের হচ্ছে কই মাছের ঝাক , মাটি থেকে মাছ বের হবার ভিডিওটি তুমুল ভাইরাল",1
"শ্রাবন্তীকে চান রোশান, যা বললেন অভিনেত্রী",1
"নিরাপত্তা চেয়ে বন্ধু সিয়ামের বাড়িতে আশ্রয় নেন ত্ব-হা, যা বললেন সেই বন্ধুর মা",1
বরগুনার মাটি খুঁ’ড়ে পাওয়া গেল মা ও নয় মাস বয়সী মেয়ের লা;শ,0
তারকাদের গোপন বিষয় নিয়ে মানুষের এত আগ্রহ কেন?,1
‘প্রজেক্ট তেলাপিয়া’ নামে ভবন নেই,0
অবৈধভাবে টিলা কাটায় ২০ হাজার টাকা জরিমানা,0
ফেসবুকের নিরাপত্তা বিনিয়োগ ১৩ বিলিয়ন ডলার,0
পাওয়ার প্লেতে ৩ উইকেট নেই বাংলাদেশের,0
ক্ষু’ধা’র্ত চার মাসের শি’শু’র জন্য দুধ পৌঁ’ছে দিতে চ’ল’ন্ত ট্রে’নের সা’থে ছুঁ’ট’লেন রে’ল পুলিশ( ভিডিওসহ),0
ঈদের ছুটি নিয়ে ‘সুখবর’,1
টিভিতে আজ যত খেলা,0
আজও রহস্য দেব-শুভশ্রীর বিচ্ছেদের কারণ,0
স্যামসাং ও অ্যাপলের কাছে ফাইভজি রয়্যালটি দাবি করবে হুয়াওয়ে,0
"অপু বাদ, ‘আশীর্বাদ’-এ মাহি",1
চাঁদপুরে যাবেন কলকাতার কৌশানি,0
লেখাপড়ায় মন নেই শামীম-তামিমের!,1
"পাকিস্তানি যুবককে ভালোবেসে বেকায়দায় কিয়ারা, ট্রেলারে চাঞ্চল্য",0
"প্রাইভেট পড়তে গিয়ে জনপ্রিয় গানে পায়ের ওপরে শাড়ি তুলেই যুবকের সাথে তু-মুল নাচ সুন্দরী যুবতীর, ভাইরাল ভিডিও!",1
তানজিন তিশার জন্য আ’দালতে ল’ড়বেন মিথিলা!,1
ছেলে ইব্রাহিমকে নিয়ে বড় সিদ্ধান্ত নিলেন সাইফ আলি খান!,1
ছে’লেকে নিয়ে চিন্তিত ইলিয়াস কাঞ্চন,0
রাস্তায় ঘুরে বেড়াচ্ছেন রবীন্দ্রনাথ ঠাকুর! হুবহু এক চেহারার ব্যক্তি ভাইরাল সোশ্যাল মিডিয়ায়,1
বিধিনিষেধ নিয়ে আসছে যে নতুন নির্দেশনা,0
"বিয়ে করে উধাও অভিনেত্রী, বিপাকে নির্মাতা",0
তাহসানের ৫ শব্দের স্ট্যাটাসে অমীমাংসিত রহস্যই নেটদুনিয়া ঝড় বয়ে গেল!,0
"প্রাইভেট পড়াতে গিয়ে ছাত্রীর সঙ্গে শি’ক্ষকের কা’ণ্ড, ভিডিও ভা’ইরাল",1
১টা মাত্র পেয়ারা বদলে দিতে পারে আপনার জীবন। বলছে গবেষণা পড়ুন,1
হেফাজতের ৫০ নেতাকে ডাকবে দুদক,0
"পেটের দায়ে যারা বের হয়েছেন, তাদেরকে র‌্যাবের খাদ্য সহায়তা",0
বাতিস্তুতাকে পেছনে ফেললেন মেসি,0
চুন ছাড়াই অল্প সময়ে ভুঁড়ি পরিষ্কারের সহজ দুই কৌশল,0
বেশি দিন সুস্থ ভাবে বাঁ’চতে চাইলে আজই বাদ দিন এই ৪টি কাজ!,1
আপনি চাইলেই পার্টি বা বিয়ের অনুষ্টানে এদের নাচাতে পারবেন,1
এবার ধুমধাম করে জমজ ভাইয়ের সঙ্গে জমজ বোনের বিয়ে হলো !!,1
টেলিযোগাযোগ খাতে কর সম্পর্কিত দাবি পুনর্বিবেচনার আহ্বান এমটবের,0
স্বেচ্ছাসেবক লীগের কেন্দ্রীয় কমিটিতে ডা. সাদ,0
ইসরাইলের সঙ্গে শক্তিধর রাষ্টের সব সম্পর্ক ছিন্ন করার আহ্বান!,0
"ভোরের আলোতে উষ্ণতা ছড়াচ্ছেন পরীমনি, দেখুন ছবিতে",1
"তুইও বিক্রি হয়ে গেলি, খেলতে নেমে গেলি : সায়নীকে শ্রীলেখা",0
"হাতে চুড়ি পরনে শাড়ি বাঙালী কন্যা ঘোড়ায় চড়ে যাচ্ছেন রাস্তা দিয়ে যেন রাজ কুমারি, তুমুল ভাইরাল ভিডিও!",1
নতুন ই-কমার্সের শুভেচ্ছাদূত মিম,0
মাগুরা শহরকে লকডাউন ঘোষণা,0
বিশাল সুখবরঃ ভিসা ছাড়াই যাওয়া যাবে বিদেশ!,1
ঝ’ড়-বৃষ্টি নিয়ে নতুন তথ্য দিলো আবহাওয়া অফিস,0
বিদ্যালয়ের শ্রেণি কক্ষে সপরিবারে বসবাস করছেন প্রধান শিক্ষক,0
পালিয়ে বিয়ে করছেন তিশা-নিশো!,1
নেইমারের ভক্ত হিসেবে নিজে ও ছেলেকে পরিচয় করিয়েছেন অপু বিশ্বাস,0
শরীরে মুসলিমদের রক্ত বইলেও অনেকেরই ধারণা তারা হিন্দু,1
"বাজার থেকে নয়, ঘরেই তৈরি করুন নিমের সাবান",0
২০ বছর ধরে স্বামীকে কাঁধে বহন করছেন স্ত্রী,0
"‘হিরা’ দিয়ে মোড়ানো গাড়ি, ভু’ল করে ছুঁ’য়ে ফেললে গুনতে হবে লাখ টাকা!",1
"‘কলিজা ফিরা পাইছি, ওরে না পাইলে বাঁচতে পারতাম না’",1
সাত জেলায় সরকারি-বেসরকারি সব অফিস বন্ধ থাকবে,0
ভিত্তিহীন অভিযোগে আমাকে ব্লেম দেয়া হচ্ছে : পরীমনি,0
"হাতে ৬ সিনেমা, নিজেকে ‘স্টাইল আইকন’ মনে করেন জায়েদ খান",0
জয়া আহসানদের পর এবার মিথিলা,1
"মা মেয়ের স্বা;মী একজন, তাও আবার বাংলাদেশে!",0
অপো মোবাইলের নতুন সংযোজন করা হল অপো এ৯৬ - Techzoom.TV,0
"ফেসবুক ইজ হরিবল, ভেরি ব্যাড: টাইম ম্যাগাজিন ",0
উইন্ডোজ ১১ ইনস্টল করার নিয়ম (নতুন ও পুরাতন পিসিতে),0
"আইন হারিয়ে গেছে, খুঁজে পাই না: ইনু | দৈনিক মতিকণ্ঠ",0
খাবারে বি'ষ মিশিয়েছে সন্দেহে ঘুমন্ত স্বামীর গায়ে আ'গুন ধরিয়ে দিলো স্ত্রী!,0
‘রোনালদোর করা ৮০০ গোলের রেকর্ড ভাঙতে দুইবার জন্মাতে হবে’,1
কানাডার সেই মুসলিম পরিবারের জানাজায় হাজার হাজার মানুষ,1
সাবেক স্ত্রীর সঙ্গে এক হচ্ছেন শাকিব!,1
হেফাজতের নতুন কমিটির ঘোষণা সোমবার,0
মায়ের ভাষায় কুরআনের প্রচারে ইলিয়াস কাঞ্চন,0
ইভ্যালির অফিসে থাকা দ্বিতীয় সিন্দুক কত টাকা মিললো?,1
ভয়াবহ দুর্ঘটনা! স্টেশন ভেঙে ছিটকে বেরিয়ে এলো ট্রেন,1
মাত্র পাওয়াঃ শিক্ষা মন্ত্রী ছাএ-ছাএীদের জন্য নিয়ে এল সুখবর!,0
"নতুন সম্পর্ক, নতুন সংসার, মাহির প্রশ্নে যা বললেন স্বামী রাকিব",1
চাঁদের জমি বিক্রি করেন এই ব্যক্তি,1
মিথিলাকে ঘিরে শুরু হওয়া সেই গুঞ্জনই সত্যি হলো,1
"বিএসআরএফের সভাপতি তপন, সাধারণ সম্পাদক মাসউদুল হক",0
বুবলির উপহার,1
মাটির নিচে মিলল ৮০০ বছরের পুরোনো ‘সোনার সুড়ঙ্গ’,0
বাতিল হচ্ছে পিইসি পরীক্ষা!,0
"প্রেমিকা অন্য কারও সঙ্গে প্রেম করছে, রাস্তা আটকে গিফট করা স্কুটি ফেরত চাইল প্রাক্তন প্রেমিক",0
দীর্ঘ ১৫ বছর পর হাত নেড়ে সাড়া দিলেন সৌদির ‘ঘুমন্ত রাজপুত্র’,0
লাইভে এসে যে সুখবর দিলেন সাইমন,1
"বিশ্বের সবচেয়ে বড় এবং ব্যাতিক্রম জাতের গরু, এটি গরু নাকি অন্য কিছু। তুমুল ভাইরাল ভিডিও",1
‘পরিবেশের বারোটা বাজল তো আমার কী হলো!’,1
১০টি কা’রণে সু’ন্দ’রী কু’মা’রী মে’য়ে’রা বি’য়ে’র আগেই মি’ল’নের জন্য রা’জি হয়ে যায়!,1
ভ্যাসলিনের ১০টি অনবদ্য ব্যবহার সম্পর্কে জে’নে নিন।,0
নিজের মাথায় গুলি করে এসআইয়ের আত্মহত্যা,0
"হাসপাতালে নুসরাত, আজই দিচ্ছেন সুখবর !",1
"ফাইনালে ওঠার লড়াইয়ে, ভয় পায় না পাকিস্তানঃ হাফিজ",0
অবশেষে চ্যালেঞ্জটা নিয়েই ফেললেন মিথিলা!,1
মনের মানুষ খুঁজে পেলেন নায়িকা পপি!,0
ভেঙেই গেল চৈতন্য-সামান্থার সংসার,0
"সুইসাইড নয়, মরে গেলে বুঝবেন মেরে ফেলা হয়েছে: পরীমনি",0
গার্মেন্টসের তিন মেয়ের অসাধারণ নাচের (ভিডিও) ভাইরাল!!,0
প্রিয়াঙ্কা এক সময় বার্গারের দোকানে কাজ করতেন !,0
সাড়ে ৭ লাখ সুবিধাবঞ্চিত শিক্ষার্থীদের জন্য ক্যাটরিনার উদ্যোগ,0
বিয়ের জন্য ধার্মিক পাত্র খুঁজছেন ‘হিজাবি’ সুজানা,0
"বৌভাত ভেসে গেল শোকের মাতমে, কেউ পাশে নেই , কে কাকে সান্ত্বনা দেবে?",1
গোপনে চ্যাটের স্ক্রিনশট নিলে জানাবে মেসেঞ্জার - Techzoom.TV,0
সিলিন্ডার বিস্ফোরণ ঠেকাতে খাগড়াছড়িতে অভিনব পদ্ধতি,0
পর্দা কাপানো নায়িকা আজ প্রবাসীর ঘরের বউ,1
স্কুল কলেজ বন্ধ থাকায় এক বিদ্যালয়ের ৬৭ ছা’ত্রীর বাল্যবিয়ে,1
আমাজন এবার খুলছে পোশাক–আশাকের দোকান - Techzoom.TV,0
ছেলেদের যে বিষয়গুলো মেয়েদের আকর্ষণ করে!,1
‘আমার চোখে অন্য একজন পৃথিবী দেখবে এইটাই আমার বড় পাওয়া’,1
স্যামসাংকে টপকে শীর্ষ স্মার্টফোন নির্মাতা হুয়াওয়ে,0
"অনিক আমার পৃথিবী, ওর কথা চিন্তা করে বিয়ে করিনি!",0
শুভশ্রী হাসপাতালে?,1
ছোট-বড় গুনাহ থেকে বাঁচার উপায়,0
সমব’য়সী ছেলে মে’য়েরা বিয়ে করলে ভবিষ্যৎ কি কোনো ধরনের সমস্যা হয়!,1
সোশ্যাল মিডিয়ায় নিজেই জা’মা তুলে খালি পেট দেখালেন শ্রীলেখা,1
সৌদি প্রবাসী স্বামীর টাকায় যুবকের সঙ্গে ঢাকায় লিভ টুগেদারে ছিলেন সাথী,0
গোটা বিশ্বের জনসংখ্যার চেয়েও বেশি ভিউ যে গানের!,1
"বাড়ছে নদ-নদীর পানি, ভারী বর্ষণে বন্যার আ'শঙ্কা",0
মঙ্গলগ্রহে ৭ শতাধিক বার ভূমিকম্প,0
গায়ের রঙটা ফর্সা করার সহজ ৫ উপায় জেনে নিন,1
‘আমার লা’শ পরিবারকে দিয়েন না’ চিরকুট লেখে যুবকের আত্মহ’ত্যা,0
"২ মিনিট দেরি হলেই কা’টা হয় টাকা, অ’ভিযোগ পোশাক শ্রমিকদের",0
এই ৫টি বিষয় আপনার স্ত্রীকে বিরক্ত করে তুলতে পারে,1
নাফ নদীতে তিন লা'শ,0
ইউরোর ফেভারিট দলগুলেরা স্কোয়াড,0
নতুন রেকর্ড গড়লেন কোহলি,0
৫ বছরের শিশুর বছরে আয় বছরে ১২৮ কোটি টাকা!,0
হিমুর হাতে পাঁচটি মনোনয়নপত্র,0
"প্রযোজকের শর্ত, টিকটক করতে পারবেন না দীঘি",0
সালমানের হাত ধরে বলিউডে আরো এক নায়িকা,0
নতুন হেয়ারস্টাইলে ভারতীয় নায়িকা স্বস্তিকা,0
‘১’ উইকেটের হারে স্বপ্নভঙ্গ বাংলাদেশের যুবাদের,0
সাতক্ষীরায় ক'রোনাভাইরাসের শনাক্তের হার ৫৯.৩৪ শতাংশ,0
তরুণীর বাসায় রাত কাটাতে গিয়ে চিকিৎসক ধরা : অবশেষে বিয়ে,1
"সৌদিতে বিনাদোষে স্বামীর ২০ বছরের জেল, দ্বারে দ্বারে ঘুরছেন অসহায় স্ত্রী",0
"এমন পদ্ধতিতে আলু ভর্তা তৈরি করলে স্বাদ লেগে থাকবে সবার মুখে,ভিডিও টিতে রইলো বিস্তারিত রেসিপি।",1
‘বলিউডে কাজ করতে হলে শয্যাসঙ্গী হতে হয়’,1
সাহসী পোশাকে পুরুষ সঙ্গীর সঙ্গে শাহরুখ কন্যা,1
"চাকরি পেয়ে মায়ের স্বপ্ন পূরণ, চড়ালেন বিমানে",0
সরকারি স্থাপনায় লার্ভা পাওয়া গেলে ৪ গুণ জরিমানা: মেয়র তাপস,0
বন্যার পানির স্রোতে জাল ফেললেই শুধু ইলিশ মাছ আর ইলিশ মাছ ভাইরাল ভিডিও।,1
"বিয়ের বাড়ি না কি পতিতালয়,নাচের তালে এ কেমন অশ্লীলতা ভিডিও ভাইরাল, (ভিডিও)",1
বিমান যাত্রীর জীবনের শেষ স্ট্যাটাসে কাঁ’দল বিশ্ববাসী,0
ঢাকা-ময়মনসিংহ মহাসড়কে দীর্ঘ যানজট,0
অনলাইনে আম বিক্রি করে রাজশাহীর শিক্ষার্থীদের দিনবদল,0
জাল দিয়ে তৈরি হবে স্যামসাংয়ের স্মার্টফোন - Techzoom.TV,0
৩ দিনে ১ কেজি ওজন কমাতে ৫টি সহজ কাজ করুন,1
নতুন স্বামী রাকিব কে দিয়ে ছবি তুলার কাজ করাচ্ছেন মাহি,0
এ বছর ১৮৬০ কোটি টাকা বিনিয়োগ করবে হুয়াওয়ে,0
জায়েদ খানের সঙ্গে জুটি বাধছেন অপু,0
মোবাইলফোন আসক্তিকে লাল কার্ড দেখালো শিক্ষার্থীরা,0
তানিয়ার প্রতি মাসে আয় ৭০ হাজার টাকা,0
এখনো সেমিফাইনালে খেলার আশা টিকে রয়েছে বাংলাদেশের। দেখে নিন কঠিন সমীকরণ,0
সেই তরুণকে সিনেমার নায়ক বানাতে চান শাবনূর,1
"লতা-পাতা নয়, ছাগল খাচ্ছে চা-সি;গা;রেট অবাক করা এক ভিডিও",1
নামিবিয়ার নিচে থাকা ভারত সেমিতে খেলার সম্ভাবনা কতটুকু?,0
"শাকিলের সঙ্গে আমার খুব ভালো রিলেশন ছিল, প্রেম ছিল। কিন্তু শাকিলকে কখনোই আমি বিয়ে করিনি।",1
"ক্লাস ফাঁকি দিয়ে টয়লেটে লুকাতাম, সিক্সেই বিয়ের প্রস্তাব পেয়েছি",1
পৃথিবীর সবচেয়ে দীর্ঘ রাস্তা এটি!,1
আগামীকাল ফরম কিনতে যাচ্ছি: ডিপজল,0
দীর্ঘদিন বন্ধ থাকার পর খুলে দেওয়া হবে মালয়েশিয়ার সব পর্যটন কেন্দ্র,0
কারাগারে শাহেদকে এড়িয়ে চলেন বন্দিরা,0
গর্ভাবস্থার প্রথম তিন মাস এই নিয়ম না মানলেই বি’পদ!,1
"এএসআই সৌমেনকে সাময়িক বরখা'স্ত, তদন্ত কমিটি গঠন",0
বি’য়ে’র পর তিনদিন নব’দ’ম্পতি যেতে পারবে না বাথরুমে !,0
"ত্ব-হা আদনান নিখোঁজ, সন্ধান চেয়ে জিডি",0
কিইউদের বিপক্ষে গো-হারাকে মন্তব্য করলেন কোহলি,0
নেইমারের নৈপুণ্যে জয় পেল ব্রাজিল,0
যারা বি’বাহিত শুধুমাত্র তারাই মনোযোগ দিয়ে পড়বেন!,1
"বহুদিন পর শাহরুখকে এই কাজের অনুমতি দিলেন গৌরী, জানেন কী সেটা?",1
"বিলাসবহুল গাড়িতে চুল কা;টতে যান নাপিত, জানালেন কোটিপতি হওয়ার গল্প",0
আমার ছেলে থাকলে মাদ্রাসায় পড়াতাম: শহীদ আফ্রিদি,0
ভ’য়াবহ ব’জ্রপাত কে’ড়ে নিল ৬৮ জনের প্রাণ,0
সেই রাতের কথা মনে করতে চান না পরীমনি,1
"চঞ্চল স্বভাবের মেয়েরাই ভালো স্ত্রী হয়, গবেষকদের দাবি",0
রাত সাড়ে ১০টায় দর্শক মাতাতে আসছেন ড. মাহফুজুর রহমান,0
আসুন জেনে নেই আম আমাদের কি কি উপকার করে,0
হঠাৎ অবসরের ঘোষণা দিলেন আফগান সাবেক অধিনায়ক,1
"ছিলেন আবেদনময়ী নায়িকা, হলেন পেশাদার…",1
অন্তঃসত্ত্বা অবস্থায় দেখে চিনারই উপায় নেই উনি শখ,0
"বলিউডের ড্রিম গার্ল মাধুরী স্বপ্ন দেখতেন এই ভারতীয় ক্রিকেটারের, চেয়ে ছিলেন বিয়ে করতে!",1
বিয়ের পর পা ভাঙা অবস্থাতেই করলেন অঙ্কিতা,1
ইয়াবা খেয়ে দিশা হারিয়ে পায়ে হেঁটে ঢাকা চলে এলো নাটোরের আমজাদ,0
যে কারনে এখনো সৃজিতকে দুলাভাই ডাকেন না মিথিলার বোন,1
লকডাউনে সাধারণ ছুটি থাকবে না,0
"এটাই মনে হয় দেখার বাকি ছিল, ১৪ বছরের ছাএকে নিয়ে উ;ধাও সু;ন্দরী ম্যাডাম!",0
হৃদি হকের পরিচালনায় লিটু আনাম,0
"মারতে রাজি, মরতে রাজি না: পরীমনি",0
আগে ভাবিনি হালাল ভালোবাসা এত সুন্দর: সানা খান,0
তিন দিনেই ব্রণের গর্ত দূর করার জাদুকরী উপায়,1
"মাত্র ১৫ বছর বয়সে পুত্র সন্তানের ‘জন্ম দেন’ রাই সুন্দরী,নেটদুনিয়ায় ভাইরাল ‘ঐশ্বর্যের ছেলের’ ছবি!",1
অ’পু বিশ্বা’স বলেনঃ অবশেষে আমিও পাল্টে গেলাম।,0
নিউক্যাসল কিনে নিল সৌদি মালিকানাধীন কনসোর্টিয়াম,0
শিশুদের নিরাপদ ইন্টারনেট নিশ্চিতে সিসিমপুরের নতুন প্রকল্প - Techzoom.TV,0
কুড়িয়ে পাওয়া টাকার ব্যাগ ফিরিয়ে দিলেন কৃষক,0
"ভূমিকম্পে স্কুল ভবনে ফাটল, পরিত্যক্ত ঘোষণা",0
সমুদ্রের মাঝে বড় মাছ ধরতে গিয়ে বডি বিল্ডার এর কঠিন চেষ্টা এবং হাড্ডাহাড্ডি লড়াই করে অবশেষ এ মাছ ধরে দেখালেন ব্যাপক ভাইরাল ভিডিও!,1
ঈদে ‘বিগ বস’ হয়ে আসছেন জাহিদ হাসান,0
৪ লাখ টাকা না পেয়ে মালিকের ৫ কোটি ৭০ লাখের বাড়ি গুঁড়িয়ে দিলো মিস্ত্রি,0
শাটডাউন দিলে সারাদেশের যে অবস্থা হবে,1
"নিখিলের সঙ্গে আমি স'হবাস করেছি, বিয়ে নয়: নুসরাত",0
প্রথম সন্তান মেয়ে হলে সে কিভাবে সৌ’ভাগ্য বয়ে আনে? জে’নে নিন বি’স্তারিত,1
যে কারণে বিশ্ব সুন্দরী প্রতিযোগিতায় যেতে পারছেন না মিথিলা,0
১০ কোটি তরুণ ব্যবহারকারীর জন্য ৫জি স্মার্টফোন নিয়ে আসবে রিয়েলমি,0
মায়ের সামনে আমি লজ্জায় মুখ লুকাতে পারছিলাম না : অপু বিশ্বাস,1
বিয়ে বাড়িতে কাচ্চির ভিতর আলু না পেয়ে সংঘর্ষ!,0
"বরযাত্রী এসেও বিয়ে না করে পালাল বর, এরপর বিয়ে হল যেভাবে…পড়লে মজা পাবেন",1
নুসরাতের ছেলের বাবা দেবাশিস দাশগুপ্ত!,1
কাদের মির্জার ওপর পুলিশের আক্রমণের অভিযোগ,0
বর্তমানে পরীমনির চেয়েও এগিয়ে হানিফ সংকেত,1
কলকাতায় সাকিবের প্রতি অ’বিচার দেখে রে’গে গিয়ে মিডিয়ার সামনে বা’রুদ কন্ঠে যা বললেন দ্রাবিড়,1
রাস্তার মধ্যে ক্ষুদে বালিকার নাচের ভিডিও মহুতেই তুমুল ভাইরাল,1
চট্টগ্রাম মেডিকেলের শিক্ষার্থীদের আবার সড়ক অবরোধ | দৈনিক মতিকণ্ঠ,0
স্বামী থেকে শ্বশুর স্মার্ট তাই শ্বশুরের সাথে চলে গেলাম,0
গ্রামের শামসুন্নাহার যেভাবে স্মৃতি হয়ে উঠলেন পরীমনি,0
‘পৃথিবীতে মুক্তিযোদ্ধাদের এমনভাবে সম্মানিত করার নজির নাই’,0
রমজান মাসে এফডিসিতে ইফতার করাচ্ছেন বাপ্পি চৌধুরী,0
নিউ ইয়র্কে ইতিহাস গড়লেন পূর্ণিমার বোন শাহানা ও সোমা সাঈদ,0
গ্যাসের লোডশেডিংয়ে ঢাকার ঘরে ঘরে আজ বারবিকিউ উৎসব ও ডিজে পার্টি - Bengal Beats,1
শক্তিশালী কম্পিউটার চিপ উন্মোচন করল অ্যাপল,0
জন্মদিনে শাকিবের মাথায় শুঁড় বুলিয়ে দিয়েছে হাতি !,0
অবিবাহিত বুবলী কন্যা সন্তানের মা কিভাবে ?,0
নুসরাত-নিখিল বিতর্কে নতুন মোড়,0
"ই-কমার্স ব্যবসার নিবন্ধন সম্ভব ৩০ দিনেই, লাগবে না টাকাও - Techzoom.TV",0
"বৌমার সন্তান ধা;রণ করার ক্ষ;মতা নেই, শ্বাশুড়ি গ’র্ভবতী হলেন!",0
"স্যার আমি তো আপনার মেয়ের মত, ওসি বললেন দূ*র বে*শ্যা!",0
ঈদে সংগীত সম্রাট মাহফুজুর রহমানের গান বড়পর্দায় দেখার ব্যবস্থা করা হচ্ছে সারাদেশে - Bengal Beats,0
কেয়ামত পর্যন্ত অভিযান চলা উচিত!,1
সাংবাদিকদের নিয়ে যা বললেন সেতুমন্ত্রী,1
"বাবার নতুন নতুন গার্লফ্রেন্ড হোক, চাইলেন অভিনেত্রী মেয়ে!",1
"ভালবাসার পাকিস্তানের পরাজয়ে ‘জ্ঞান হারালেন’ শাকিব, ভিডিও ভাইরাল",1
"ভো’লায় দেখা দিয়েছে ‘ইয়াস’ এর প্রভাব, প্লা’বিত এক ইউনিয়ন",0
জীবনে কখনো প্রেমে বিচ্ছেদ ঘটেছে? দেখুনতো বিচ্ছেদের পর আপনিও ঠিক একই কাজগুলো করেছেন কিনা? - Bengal Beats,1
ইংল্যান্ডের বিপক্ষে মাঠে নামার আগে নতুন হুমকির মুখে বাংলাদেশ,0
যে কারণে শাকিবকে শুভকামনা জানালেন জিৎ,1
বোরকা পরে একা একা ঢাকার ফুটপাতে হাঁটেন রোজিনা,0
"মা’তাল হয়ে অমিতাভকে জড়িয়ে চুমু ঐশ্বরিয়ার, ল’জ্জায় ব’চ্চন পরিবার",0
সন্তা’ন বি’ক্রির টাকায় ঋণ শোধ করলেন মা,0
নারী থেকে পুরুষ হয়ে তরুণীকে বিয়ে করলেন ‘সুলতানা’,0
প্রতিরাতে পরীমনির হোটেল ভাড়া ছিল দেড় লাখ!,0
সারাইয়ের জন্য পৌনে পাঁচ লাখ গাড়ি ডেকে পাঠিয়েছে টেসলা - Techzoom.TV,0
বাগান তৈরি ও সৌন্দর্যবর্ধনের নামে কাটা হচ্ছে চবির গাছ!,0
"পানির নিচে মাছ দিয়ে, টেংরা মাছ শিকার করে, তুমুল ভাইরাল হয়ে গেল এই যুবক- রইল ভিডিও",1
"চাঁদনী সিনেমার বাজেট ছিলো ৫০ লাখ টাকা, ১৫ কোটির বেশি ব্যবসা",0
"ইসলাম ধর্ম ত্যা;গ করে হিন্দু প্রে’মিককে বিয়ে, ভালোবাসার করু;ণ পরিণ;তি",1
ভয়ঙ্কর ঘূর্ণিঝড়ে পরিণত হয়ে বাংলাদেশের দিকে ধেয়ে আসছে ‘যশ’,0
"আর্জেন্টিনায় অনুশীলনে মেসি, পুড়ছে পিএসজি",0
মডেল মসজিদের ইমাম-মুয়াজ্জিন যে পরিমাণে টাকা বেতন পাবেন,0
বিয়ের জন্য ২০০ বিমান ভাড়া!,0
বাংলাদেশ দলের ওমান যাত্রায় ঘূর্ণিঝড় শাহীনের বাঁধা,0
কেন মাদকাসক্ত হয় মানুষ?,0
"অস্ট্রেলিয়ার বিপক্ষে ব্যাটিংয়ে বাংলাদেশ, ফিরলেন মোস্তাফিজ",0
দুই হাজার টাকায় বিক্রি হচ্ছে চাঁদের জমি,1
মনোনয়ন না কিনেই ফিরে এলেন ডিপজল,0
টিভিতে আজ যত খেলা,0
লকডাউনে পেটের দায়ে ভ্যান চালাচ্ছেন রাবির স্বর্ণজয়ী ক্রীড়াবিদ মোশারুল,0
"জে’নে নিন, মাত্র ১ মিনিটে কচুর লতি পরিস্কার করার সহজ উপায়!",1
ভাগ্যের নি’র্মম পরি’হাসে রাস্তায় ফুল বিক্রি করছেন জিতের মা!,1
নানা হওয়ার পর এবার দাদা হলেন আলীরাজ,0
রোববার আসছে ঘূর্ণিঝড় ‘ইয়াস’ : যে সতর্কবার্তা দিল আবহাওয়া অফিস,0
"সাকিবকে টাকা ছাড়াই গরু দিতে চান ভক্ত, বিনিময়ে দিলেন শর্ত",0
গাউন পরা মিথিলাকে দেখে সৃজিত বললেন ‘হাওড়া ব্রিজ’,0
আক্রান্ত না হলে গুলি ছুড়বে না বিএসএফ | দৈনিক মতিকণ্ঠ,0
খালেদা জিয়ার জন্মসনদসহ সকল নথি হাইকোর্টে তলব,0
মায়ের চিকিৎসা করাতে গিয়ে মার খেলেন দুই ছাত্র,0
কখন করবেন রুট ক্যানাল,0
গর্ভাবস্থায় সন্তান ছেলে নাকি মেয়ে হবে বুঝবেন এই ১২ লক্ষণে,1
যে শার্ট গায়ে নেট দুনিয়ায় ভাইরাল কারিনা!,1
"ঘাম-রক্ত-চোখের জলে মহাকাশে বসতি, হার মানাবে পৃথিবীর কংক্রিটকেও",1
রাজশাহী মেডিকেলে ক'রোনায় ১২ জনের মৃ'ত্যু,0
সৌদি প্রবাসী স্বামীর ১৫ লাখ টাকা মে’রে দিয়ে দ্বিতীয় স্বামীর ঘরে বে’ইমান স্ত্রী!,0
"এই পদ্ধতিতে নিজের রান্না ঘরেই তৈরি করুন একদম KFC চিকেন,অল্প খরচে স্বাদ হবে দ্বিগুণ রইল স্টেপ বাই স্টেপ পদ্ধতি।",1
ক্রিকেটে অভিনয় করা গুরুত্বপূর্ণঃ সুজন,0
১১ বছর পর লোগোতে পরিবর্তন আনল ‘বিডি২৪লাইভ’ - Techzoom.TV,0
ধ’র্মীয় বক্তা আবু ত্ব-হা আদনান তিন সঙ্গীসহ নিখোঁ’জ,0
যেসব অ্যাপ মোবাইলে থাকলে বি’পদ,1
প্রিয়াঙ্কার ভারতের বাড়ি কিনে নিলেন জ্যাকলিন,0
এরশাদ ও আমার জনপ্রিয়তা দিয়েই এমপি হবো : হিরো আলম,0
বিমান বন্দরে ৫ কোটি টাকার স্বর্ণসহ নিরাপত্তা কর্মী আটক,0
"কি আর ক*রমু, বা*ধ্য হয়ে ড্রা*ইভা;রের সাথে শু;রু করছি!",0
আদর্শ মা হতে চান অপু বিশ্বাস,0
খাবারটি মুখে নিয়ে ১ ঘন্টা স’হবা’স করুন,1
অনবদ্য ব্যাটিং করে সাজঘরে মাহমুদউল্লাহ,0
"পিঁপড়ার কা'মড়ে কু’পো’কাত ভুটানের রাজপুত্র, জরুরি বিমান অবতরণ",0
বাপ্পী খুবই ফ্ল্যাক্সিবল আর্টিস্ট: অপু বিশ্বাস,0
ডজনেরও বেশি ছেলে আমার প্রেমে পড়েছে কিন্তু আমি এক-দুজনের প্রেমে পড়েছি,1
কপিরাইট আইন চ্যালেঞ্জ করে মান্নার স্ত্রীর রিট,0
আমার শরীরটা আসলে ভালো নেই,1
গ্রামীণফোনের নেটওয়ার্ক সমূদ্রের ৩৮ কিলোমিটার গভীরে মিললেও মেলে না ঘরের ভিতরে !,0
আদনানকে নিয়ে যা বললেন মিজানুর রহমান আজহারী,1
প্রথম দেখাতেই কারো প্রেমে পড়ে যাওয়া অসম্ভব,1
"সিলেটে এক প্রেমিকার সাথে তিন বন্ধুর প্রেম, ২০ দিনে ২ বিয়ে",0
চুল পড়া রোধে ঘরেই সহজ পদ্ধতিতে তৈরি করুন আমলকীর তেল!,0
২০ বছর পরে সলমনকে চমকে দিয়ে ফিরে এলেন এই নায়িকা! আপনি কি চিনতে পারবেন?,1
করুণ এক সত্য ঘটনা-বিবাহিত বা অবিবাহিত সকলের পড়া উচিৎ,1
পৃথিবীতে বড় ধরণের দু’র্যো’গের পূর্বাভাস দিলো NASA,0
"চলতি মৌসুমে আজ ঢাকায় সর্বোচ্চ বৃষ্টি, তলিয়ে গেছে অধিকাংশ সড়ক",0
"বিয়েতে ৫০০ অতিথি, পু’লিশ দেখে পা’লালেন বর-কনেসহ সবাই",0
এক কবুতরের দাম ১৬ কোটি টাকারও বেশি!,0
বিশ্ববিদ্যালয়ে ভর্তির ছয় মাসেও সিঙ্গেল থাকলে ভর্তি বাতিল করা হবেঃ শিক্ষামন্ত্রী,0
শিগগিরই সুখবর জানাবেন শবনম ফারিয়া,1
পরীমনির পর এবার চলচ্চিত্র প্রযোজক রাজের বাসায় র‌্যাবের অভিযান,0
এবার লকডাউনে থাকবে না কোনো ‘মুভমেন্ট পাস’,0
কেমন আছেন দিলদারের পরিবার ও কন্যা-সন্তানরা?,0
হাসপাতালে তরুণীর লা’শ রেখে স্বামী-স্বজন উধাও,1
"কথাগুলো একজন মেয়ের….., তবে সবার একবার পড়া উচিত।",1
প্রিন্স সালমান হাত ধরেই ‘সবচেয়ে ধনী ক্লাব’ নিউক্যাসেল,0
মাঝে মাঝে’ই পাখি হ’তে ইচ্ছে ক’রে:পরীমনি,0
"‘বিশ্বসুন্দরী’র পরীমনি বলেন, আশা করি ভালো কিছুই হবে",1
একাত্তর টিভি নিয়ে নতুন আহবান নুরের,0
"পরিবারের কাছে আমি আগেই ক্ষমা চেয়ে নিয়েছি, ক্ষমা চাই আল্লাহর কাছে :আঁখি আলমগীর",0
আজ সন্ধ্যায় ‘স্ট্রবেরি মুন’ দেখবে বিশ্ববাসী,1
ফে’র আ’লোচনায় সা’না খা’ন!,0
"‘আন্তর্জাল’ সিনেমায় সিয়াম, নায়িকা সুনেরাহ!",0
শঙ্কামুক্ত কি না- জানতে দু-একদিনের মধ্যে আবার টেস্ট,1
তামিমের দুইজন স্ত্রী!,1
"নতুন পোশাক কিনতে, ফুটপাতে শাক বিক্রি করতে বসল চতুর্থ শ্রেণির ছাত্র",0
নুসরাতের লিভ-ইন নিয়ে এবার মুখ খুললেন শ্রীলেখা (ভিডিও),0
বিয়ের পর মাঠে ফিরেই নাসিরের সেঞ্চুরি,0
বাংলাদেশের উচিত মোস্তাফিজকে নিয়ে আরও আক্রমণাত্মক হওয়া,0
হাত দেখে শ্রাবন্তীর ভবিষ্যত বলে দিচ্ছেন তাহসান?,1
ঈদে বাড়তি ছুটি পাচ্ছেন পোশাক শ্রমিকরা,0
"এলেবেলে: খাল কেটে কুমীর আনবেন না, সিদ্দিককে ভোট দেবেন না",0
কাল থেকে ঈদের ছুটি শুরু,0
"সবার অজান্তেই যেভাবে আপনার সন্তানের আত্মবিশ্বাস নষ্ট হচ্ছে, আজই সচেতন হোন",1
"প্রেমিকার ভাই, দেওরের সঙ্গে একান্ত মূহুর্তে ধরা পড়লেন শ্রাবন্তী, তুঙ্গে জল্পনা",1
"অভিজ্ঞতা ছাড়াই এসআইবিএলে চাকরি, বেতন ৩৬০০০",0
ভাগিনাকে স্বামী দাবি করছেন খালা,0
কম দামের চাল বেশি দামে বিক্রি ব্র্যান্ডের প্যাকেটে,0
এবার মাহফুজুর রহমানের গান শুনে হারানো স্মৃতি ফিরে পেলো কিশোরগন্জের মানিক! - Bengal Beats,0
প্রবাসীদের রেমিট্যান্সে তিন শতাংশ প্রণোদনা দেয়ার দাবি,0
আশা জাগিয়ে ফিরে গেলেন সৌম্য,0
ছেলে ইব্রাহিমকে নিয়ে বড় সিদ্ধান্ত নিলেন সাইফ আলি খান!,1
পরীমণি-সাকলায়েনের ভিডিও সরাতে লিগ্যাল নোটিশ,0
"আগামী মাস থেকে যে স্মার্টফোনে চলবে না ফেসবুক, ইনস্টাগ্রাম ও মেসেঞ্জার",1
"মিথিলার স্বামীর নজর জয়ার দিকে, এমনকি ধর্ম ত্যাগ করতেও রাজি!",0
টলিউডের এক নায়িকার স্বামীর সঙ্গে চলছে আরেক নায়িকার প্রেম,1
প্রতিদিন সকালে ঘুম থেকে উঠে যা করলে খুব দ্রুত ফর্সা ও সুন্দর হবেন,1
বিয়ের পর মেয়েরা মো’টা হয় কেন জানেন,1
সন্তানরা আমার সিনেমা দেখতে লজ্জা পায়: জুহি,0
কম বয়সেই মুখে বয়েসের ছা’প পড়’ছে? আজই দূ’র করুন সহজ ঘরোয়া উপায়ে,0
‘ভাব ধরি যেন কিছুই জানি না’,1
১০১ ব’ছর ব’য়সে স’ন্তানের মা হলেন এই বৃ’দ্ধা!,0
যে ১০ টি কারণে মধ্যবয়সী নারীরা বয়সে ছোট ছেলেদের প্রতি আ’কৃষ্ট হন,1
সিম স্লট ছাড়াই আসছে নতুন আইফোন - Techzoom.TV,0
"রাত ৯টার পর যে কাজ,গুলো করা মোটেও উচিত নয়",1
বাস-অটোরিকশার মুখোমুখি সংঘ'র্ষে নি'হত ১৭,0
জেনে নিন অ্যালোভেরা শরবতের অসাধারন গুণ সম্পর্কে ও তৈরি প্রণালী,0
খেজুর খেলে যেসব রোগ দূরে থাকে,0
কম টাকায় যে কেউ রাত কাটাতে পারবেন : কণ্ঠশিল্পী সালমা,1
বংগবন্ধুর পিত্তথলির পাথরের স্মৃতি অমলিন: মকসুদ | দৈনিক মতিকণ্ঠ,0
বাংলাদেশের বিপক্ষে হারের পর যা বললেন পিএনজি অধিনায়ক,1
শুধু জানতাম আমাকে কঠোর পরিশ্রম করতে হবে: শাকিব,0
গায়ের রং নিয়ে অ’পমা’নের দাঁত ভাঙা জবাব দিলেন শাহরুখ কন্যা সুহানা,0
সাতক্ষীরায় আরও ৭ দিনের লকডাউন,0
কেনো বিদায়ী ম্যাচ খেললেন না ডেসকাট,0
‘ফ্র্যাঞ্চাইজি লিগগুলো আন্তর্জাতিক ক্রিকেটের হু'মকি’,0
পুরনো সিপিইউতে উইন্ডোজ ১১ আপডেট করা যাবে না,0
জে’নে নিন হাড়ির পো’ড়া দাগ দূর করার দারুণ কৌ’শল,1
সাধারণ কয়েদির খাবারই বরাদ্দ ‘বলিউড বাদশা’ শাখরুখের ছেলের জন্য,0
এই না’রী প্রতি রাতে আয় করে ৮ লাখ টাকা,1
এবার প্রকাশ্যে এলো মমর অন্তরঙ্গ মুহূর্তের ছবি,1
"আমি না হয় হাতাকাটা ব্লাউজ পরি,আপনাদের এত জ্ব;লে কেন: ভাবনা",0
দুটি জয়ের প্রত্যাশা করছেন আশরাফুল,0
ট্রাকচাপায় মোটরসাইকেল চালকসহ নিহত ২,0
"অ,শ্লী,ল,তা,র কারণে সিনেমা ছেড়েছিলাম: শিল্পী",0
নুসরাত জাহান দিল্লিতে নতুন অবতারে,0
বাসের ভিতর যুবকের মোজার গন্ধে বেহুশ হলেন ৯ যাত্রী !,0
শোবিজে দ্বিতীয়-তৃতীয় বিয়ের ধুম,0
খাদির তৈরি মুজিব কোট পরবেন মোদি ও তার সঙ্গীরা,0
"সাবেক স্বামীকে ভুলতে পারছেন না মাহি, জানালেন নিজেই",0
"ব্যালন ডি’অর: মেসি নয়, ফেভারিট লেভা",0
"ঝাঁকি জাল দিয়ে অবিনব পদ্ধতিতে বৌদির মাছ শিকার, রীতিমত সাড়া জাগিয়েছে নেটদুনিয়ায় তুমুল ভাইরাল ভিডিও",1
ক্ষোভে লাথি দিয়ে স্টাম্প ভাঙলেন সাকিব,0
কোহলির এক পোস্টেই আয় পৌনে ৬ কোটি টাকা! - Techzoom.TV,0
বিয়ের ৩ মাস পর মা হলেন অভিনেত্রী দিয়া মির্জা,0
সমবয়সীদের প্রেম দীর্ঘস্থায়ী ও সুখময় হওয়ার আট কারণ,1
বাটলারের ব্যাটিং তাণ্ডবে কিউদের বিপক্ষে ইংল্যান্ডের নতুন জয়,0
মিশার নাম ছিল শাহিদ হাসান স্ত্রীর ভূমিকায় আজ এতুটুকু,0
নবম শ্রেণির ছাত্রীকে দ্বিতীয় বিয়ে করলেন চেয়ারম্যান,0
"মাত্র সাতটি আমের পাহারায় নিযুক্ত ৪ রক্ষী ও ৬ জার্মান শেপার্ড,এক কেজির দাম ২.৭ লাখ টাকা!ভিডিও সহ",0
"হাসপাতালেই প্রেমিক- প্রেমিকার বিয়ে, কেবিনে বাসর",0
পাকিস্তানের ধারাবাহিক নাটকে বাংলা লোকগান! (ভিডিও),0
সানি লিওনিকে পিছে ফেললেন দিশা,0
মাত্র পাঁচ হাজার টাকা মুচলেকায় স্থায়ী জামিন পেলেন পরীমণি,0
গ্রাহকদের ২০০ টাকা পর্যন্ত ক্যাশব্যাক দিচ্ছে ‘আকাশ’,0
যেভাবে মা’রা গেলেন ৩০০ কেজি ওজনের মাখন মিয়া,0
বলিউড তারকাদের দেহরক্ষীদের বেতনে আপনি নিশ্চিত অবাক হবেন,0
সুন্দরী শি’ক্ষিকা’কে জোর করে করার পর পা ধরে ক্ষ’মা চাইলেন সহকারী শি’ক্ষ’ক!,1
টি-টোয়েন্টির গেইলকে বর্ণনা করতে ‘শব্দ’ খুঁজে পাচ্ছেন না পোলার্ড,0
এবারের বাজেটে কোনো দুর্বলতা নেই',0
বিশ্বকাপ ব্যর্থতার পরেও নেতৃত্ব ছাড়বেন না মরগ্যান,0
অর্ষাকে কথা দিলেও পরীমনির কাছে গেলেন পরিচালক,0
পূর্বাভাস নিয়ে নতুন করে যা জানালো আবহাওয়া অফিস,1
‘কমলাপুরের বিজলী’ হয়ে আসছেন শশী,0
যার বাবার কোটা আছে তাকেই বিয়ে করবো' - অপু বিশ্বাস,0
শাকিব খানকে একের পর এক চুম্মা দিলেন মিম,1
"মাটির নিচে আস্ত একটা গ্রাম, বসবাস ৩ হাজার মানুষের",0
সাকিবকাণ্ডে যা বলছে বিশ্বমিডিয়া,0
‘বুড়ো’ মালিকের তাণ্ডবে পাহাড় সমান রান করলো পাকিস্তান,0
মেয়েকে বিয়ে দিবে বলে টাকার জন্য কিডনি বিক্রির বিজ্ঞাপন অসহায় বাবার,0
নিজ শরীরে বো'মা ফাঁটিয়ে ‘নি'হত’ বোকো হারামের শীর্ষ নেতা,0
টাঙ্গুয়ার হাওরে মেছোবাঘ মে'রে উল্লাস,0
"সরাসরি টি-টোয়েন্টি বিশ্বকাপ খেলবে যে চারদল , জেনে নিন বাংলাদেশের অবস্থান কত?",1
"‘উই;ঠ্যা আয় বাবা, তোরে স্কুলোত ভর্তি করামু’ মায়ের আ;হাজারি",0
নতুন আ;ইনঃ পুরুষদের ন্যূনতম দুটি বিয়ে না করলেই যা;বজ্জীবন জেল হবে,1
বিয়ের পিঁড়িতে সাইমন-মাহি,1
পাঁচ তারা হোটেলে অনুষ্ঠিত ‘মিস আর্থ বাংলাদেশ ২০২১’ বিজয়ী নাইমা,0
৬০ লাখ অনুদান পাওয়া সিনেমায় শাকিব একাই নিচ্ছেন ৪০ লাখ,0
টানা তিন দিন ভারী বৃষ্টিপাতের পূর্বাভাস,0
এপিকটায় চার অ্যাওয়ার্ড জিতল বাংলাদেশ - Techzoom.TV,0
ফের গান গেয়ে ভাইরাল হিমেশের গায়িকা রানু!,1
সব রে;কর্ড ভ;ঙ্গ: ইসরায়েলে ৩ হাজার রকেট ছু;ড়ল হামাস,0
আপনি সাদা এলাচ এর উপকারিতা জানলে অবাক হবেন,1
সিনেমায় অভিনয় করবেন টিকটক তারকা ‘অপু ভাই’,0
শিক্ষাপ্রতিষ্ঠান খুলে দেয়ার চেয়ে বন্ধ রাখার ম্যাসেজ বেশি পাচ্ছি: শিক্ষামন্ত্রী,0
দিন দিন পাকিস্তানের সেরা অধিনায়ক হতে চলেছেন বাবর!,0
প্রসূনের ফেসবুক পেজ থেকে অশ্লীল ছবি ছড়াচ্ছে হ্যাকার!,0
মডেল মসজিদগুলোয় যোগ্য আলেম নিয়োগের পরামর্শ হেফাজতের,0
রেলওয়ে স্টেশন থেকে কুড়িয়ে পাওয়া মেয়েটাই মা–বাবার ভরসা,0
সর্বোচ্চ ডাক মারার রাজাদের রেকর্ডে দেখুন,0
"কয়েক কোটি টাকার বাড়ি পরে আছে, নিজের বাড়ি বলে দা*বি করার কেউ নেই!",0
লক্ষাধিক টাকার কাজ ১১ হাজার টাকায় করেন অপু!,1
নায়িকা কাজলের সুখী জীবনের পেছনে লুকি’য়ে আছে এক ক’ষ্টের গল্প,1
বিদেশি নায়িকা নিয়ে ছবি করবেন হিরো আলম,0
পরীমণির সঙ্গে আমার কিছুই হয়নি: বললেন নাসির,0
"আলহামদুলিল্লাহ, ২০ লাখ ডলার পেয়েও বিক্রি করেননি এই কোরআন!",0
জাতীয় দলে বাংলাদেশের কোচ চান মাশরাফি,0
যেকোনো মেয়েকে বিছানায় নিয়ে আসার ১০টি উপায়,1
‘দিলদারের মেয়ে জানলে রিকশাওয়ালা ভাড়া নিতে চান না’,1
"সাগরে সৃষ্টি হচ্ছে লঘুচাপ, বাড়তে পারে বৃষ্টি",0
বিপিএলে নোয়াখালীর হয়ে খেলবেন হিরো আলম!,0
স্বেচ্ছাসেবক লীগের বহিষ্কৃত সভাপতি ইয়াবাসহ আটক,0
ফেসিয়াল ছাড়াই ত্বক ভেতর থেকে পরিষ্কার করার উপায়!,0
মায়ের জন্যই সন্তান বুদ্ধিমান হয়: গবেষণা,0
ঋণে জর্জরিত নায়িকা,0
"৩০ দেশের ওপর দিয়ে পায়ে হেঁটে হজ আদায়, ১০৭ বছর বয়সেও থেমে নেই দ্বীনের কাজ",0
ভিভোর কারখানায় সর্বাধুনিক প্রযুক্তি ব্যবহারে বিটিআরসির সন্তোষ প্রকাশ,0
"আমার বউ কাউকে দেখাতে চাইনা, নিজেই দেখতে চাই : আফরান নিশো",0
পুরনো অ্যানড্রয়েড অপারেটিং সিস্টেম আর ব্যবহার করতে দেবে না গুগল,1
টি-টোয়েন্টি ম্যাচে আজ মুখোমুখি ভারত-ইংল্যান্ড! দেখে নিন দুই দলের শক্তিশালী সম্ভাব্য একাদশ,0
পূর্বাভাসে নতুন করে যা জানালো আবহাওয়া অফিস,1
বিদেশগামী প্রবাসীদের জুস খাওয়ালেন প্রবাসী মন্ত্রী,0
দেশের জন্য শতভাগ দিয়ে খেলবে ক্রিকেটাররা,0
বিশ্বকাপে বাংলাদেশকে নিয়ে কী ভাবছে অস্ট্রেলিয়া?,0
চিল্লায় গিয়ে অভিনয় ছেড়ে দিচ্ছেন মোশাররফ করিম,0
ওয়ানডেতে সর্বকালের সেরা অলরাউন্ডার সাকিব,0
যাত্রা শুরু করল জ্যোতির ‘রে হাউজ’,0
ওয়ার্ল্ডকাপের বাকি ম্যাচের আগে ভারতীয় দর্শকদের ডায়াপার দিচ্ছে আইসিসি - Bengal Beats,0
সেই অভি’মানী গৃহবধূর সঙ্গে দেখা করলেন শাকিব খান,1
রানু মণ্ডলকে নিয়ে এবার সিনেমা হচ্ছে বলিউডে,0
আসুন জেনে নেই ডাব আমাদের কি কি উপকার করে,0
স্ত্রী পর;কীয়া প্রেমিক ইমামের জন্য স্বামীকে হ;ত্যার পরিকল্পনা করেন,0
ডিসেম্বরেই ফাইভজি যুগে বাংলাদেশ,0
"সাবেক স্বামীকে ভু’লতে পারছেন না মাহি, জানালেন নিজেই",0
অপু বিশ্বাস পাবনার শুটিং ফেলে চলে এলেন ঢাকায়,0
"কপাল ফিরে পেয়েছেন রিজওয়ান, পুরো পাকিস্তানে নায়ক বনে গিয়েছেন",0
হারিয়ে যাওয়া বাবাকে খুঁজে পেলেন মম,1
"কনে নিজের বিয়েতে ডান্স করে মাতিয়ে দিল |নেট দুনিয়ায় ভাইরাল ভিডিওটি,",1
সুখবর নিয়ে হাজির হচ্ছেন শ্রাবন্তী,1
খাবারটাও ঠিকমতো পাইনি বলেই কাঁদলেন চিত্রনায়িকা বর্ষা,0
"১৯ দিন বয়সী যমজ সন্তান ফেলে গেলেন মা, বিপাকে বাবা",0
হিন্দু পরিবারের বউ হচ্ছেন পরীমনি,1
"‘সাহসী হও, সুন্দর হও’ কাকে বললেন নুসরাত (ভিডিও)",1
বিয়ে করার ইচ্ছা নেই নিজস্ব মেশিন বাড়িতে এনেছেন শ্রাবন্তী,1
সাকিব-মালিঙ্গার দলে যোগ দিলেন সাউদিও বিস্তারিত নিচে,0
সকালবেলা স্বামী- স্ত্রী কমপক্ষে ৫ মিনিট জ’ড়িয়ে ধরে শুয়ে থাকার উপকারিতা,1
দুই মেয়েকে নিয়ে নিউ ইয়র্কেই ফিরে গেলেন শ্রাবন্তী,0
সামান্থাকে ৮ কোটি রুপির প্রস্তাব,0
ভারতকে হারাতে ছেলের ব্যাটিং তাণ্ডব দেখে গ্যালারীতে কান্নায় ভেঙে পড়লেন বাবরের বাবা,0
১২ রাশির জাতক-জাতিকার কেমন যাবে দিনটি,1
নতুন পরিচয় নিয়ে আসছেন এবারঃ অপু বিশ্বাস,1
দেশে ফের কমছে সোনার দাম,0
ভাবতে পারছি না তোমার দেহের ঢাকা অংশগুলো কত সুন্দর,1
পাহাড় সমান রান করে এবারের বিশ্বকাপের সর্বোচ্চ দলীয় সংগ্রহ ভারতের,0
"পাকিস্তানের বিপক্ষে ইংল্যান্ড পড়ুক, চাইছেন না ভন",0
আমি গান গেয়ে কোনো টাকা নেই না: মাহফুজুর রহমান,0
eআরকি ট্রাভেল গাইড: ঢাকা থেকে কিছু দূরেই ঘুরে আসুন মিরপুর (প্রথম পর্ব),0
"করোনায় সব ছাত্রীর বিয়ে, কেউ অংশ নিলো না পরীক্ষায়",0
"বৈধভাবেই পাঁচজনকে বিয়ে করেছি, সংসার করছি",1
অ’ন্তরঙ্গ ছবি দেখাবে বলাই কাল হলো বাবলীর,1
মিথিলাকে বিয়ে করতে তিন পাত্রের দৌড়ঝাঁপ,1
ই-ভ্যালির সঙ্গে যাত্রা শুরু করলেন তাহসান,0
খুলনায় ক’রোনায় ২৪ ঘণ্টায় সর্বোচ্চ ৭১ জনের মৃ’ত্যু,0
"উইলিয়ামসনের চোট, কিউই শিবিরে দুশ্চিন্তা",0
রাতে ভয় পাওয়ার কারণ জানালেন কোয়েল মল্লিক,1
আমার মেয়েকে মাথা নত করে না চলতে শেখাব : নুসরাত,0
"নিজ থেকেই ফিরলেন পোলার্ড, ‘ডায়মন্ড ডাক’ রাসেলের",0
"মুনিয়ার আত্মহত্যা: চূড়ান্ত প্রতিবেদনের ওপর শুনানি শেষ, আদেশ পরে",0
চট্টগ্রামের সিমি যেভাবে হয়ে উঠল ‘লেডি গ্যাং’ লিডার,0
"সবাই পেছালেন, এগিয়ে এলেন ‘সাহসী হিরো আলম’",1
রিয়াজ ও তার স্ত্রীর প্রেম-বিয়ের কাহিনী সিনেমার গল্পকেও হার মানায়,0
যেভাবে বুঝবেন আপনার ফোনটি আসল না নকল,1
বাড়ি ফেরার পথে গৃহকর্মীর মুখ চেপে ধর্ষণ করল যুবক,0
"কিশোরী মনে করেছিলেন, চেয়ারম্যান দাদু তার সঙ্গে দুষ্টমি করছেন",1
এরশাদ : এক কোমল মনের কবির দুর্দশার করুণ উপাখ্যান,0
নাম্বার অপরিবর্তিত রেখে অপারেটর বদলানোর মতো এই সুবিধাগুলোও যদি পাওয়া যেত,1
ভোলায় ৩ সন্তানের জননীকে দলবেঁধে ধ'র্ষণ,0
"বিয়ের অনুষ্ঠানে কনের মৃ;ত্যু, হবু শ্যালিকাকে বিয়ে করলেন যুবক",0
পু’লিশ আসতেই বিয়ের অনুষ্ঠান হয়ে গেল মিলাদ মাহফিল,0
"সিনেমাকে নয় অনেকেই ‘ভালোবাসে’ বাড়ি-গাড়ি, টাকা,বললেন জনপ্রিয় নায়ক রুবেল",0
হার্ট অ্যাটাকের ১ মাস আগেই দে’হ যে ৭টি সিগনাল দেয়,1
"ই’ঞ্জেকশনে ভ’য়, টিকা নিয়ে জ্ঞান হারালেন তিনি!",0
পূর্বাভাসে নতুন তথ্য দিল আবহাওয়া অফিস,0
"নতুন ঠিকানায় ন্যানসি, জানালেন ‘কঠিন’ অভিজ্ঞতার কথা",1
শান্তিতে নোবেল পুরস্কার পাচ্ছেন শেখ হাসিনা!,0
"ঢাকাই সিনেমার শীর্ষ নায়ক শাকিবের কারণে পূজার পরিশ্রম, অভিনেত্রী বললেন- খবর সত্য",0
পুরুষের জন্য ধুমপান থেকেও বেশি ক্ষতিকর সুন্দরী নারীরা! কারন জানলে অবাক হবেন,1
ভারতকে বিশ্বকাপ জেতার কথা ভাবতে মানা করলেন সৌরভ,0
বেতনের টাকা মেরে দেওয়ার অভিযোগ পরীমনির ড্রাইভারের,0
"বিপাকে প্রিয়াঙ্কা চোপড়া, অভিনেত্রীকে সাবধান করল পুলিশ",1
যেসব দ্রব্য ত্বকের জন্য ক্ষ’তিকর,0
আসুন জেনে নেই বেগুন আমাদের কি কি উপকার করে,0
"কাঁচা মরিচ গুঁড়া করে সারা বছর সংরক্ষণ করুন, জেনে নিন পদ্ধতি",0
তিন অভিনে’ত্রীর ভিডিও ভাই’রাল!,1
মালদ্বীপ থেকে ফ্লাইটে ওঠার আগেই দুঃসংবাদ ! মা’কে খুব মিস করছেন অভিনেত্রী ঐন্দ্রিলা সেন,1
সুন্দরী পূর্ণিমাকে সন্দেহ করছে গোয়েন্দারা,1
রুবেলের ঈদ গোয়ায়,0
সারা দেশে ১৪ দিন ‘শাটডাউন’?,1
"এক নারীর ৩ স্বামী ও একাধিক প্রেমিক, বেরিয়ে এলো চাঞ্চল্যকর তথ্য",1
জেনে নিন লেবুর খোসা খেলে সারবে যেসব রো’গ!,1
ডোন্ট লাভ মি বিচ,1
"দেখুন হাওরের জেলারা কীভাবে গান গেয়ে গেয়ে, টন টনকে মাছ ধরছে এমন মাছ ধরার ভিডিও দেখলে আপনিও অবাক হয়ে যাবেন।",1
‘শাকিব খান এখনো সাবালক হতে পারেননি’,1
কক্সবাজারের ৩৫ জোনে ফ্রি ওয়াইফাই - Techzoom.TV,0
"আফসোস, ব্রাজিল–আর্জেন্টিনার ম্যাচ দেখে যেতে পারলেন না রাণী রাসমণি",1
এক নায়কের সঙ্গে বিছানায় অপুকে দেখি আমি। এরপর থেকে মিডিয়ার কোনো মেয়েকে আর বিয়ে করবেন না শাকিব খান।,1
"সাপের ভয় দেখিয়ে তরুনীকে ধর্ষণ, সাপের কামড়েই নিহত ধর্ষক!",0
"ভু’ল গ্রু’পের র’ক্ত দেওয়ার অভিযোগ, বেসরকারি হাসপাতালে মৃ’ত্যু’র সঙ্গে পা’ঞ্জা ল’ড়’ছেন রো’গী",0
মদের বারে আটকে দেয়া হলো সালমান খানের বোনকে,0
চিকিৎসা পেশায় ফিরলেন রাজনীতি সিনেমার নির্মাতা বুলবুল,0
মেয়েরা যে ছয়টি জা’য়গায় পুরুষদের ছোঁ’য়া চায়,1
"ঈদে শাকিবের রেকর্ড, জয় হয়েছে মাহির",1
সাইমনের বিয়ের বিষয় গোপন রাখার কারণ,1
"স্ত্রীর তা’লাকের নোটিশ পেয়ে স্বামীর দুধগোসল, এবং ২শ লোককে নিমন্ত্রন দিয়ে খাবানও",0
ফতোয়া নিয়ে দুই অ্যামিকাস কিউরির দুই রকম মত | দৈনিক মতিকণ্ঠ,0
মিঠুন চক্রবর্তীকে জিজ্ঞাসাবাদ করবে পু;লিশ,0
হ্যাশট্যাগ কেন ব্যবহার করা হয়? - Techzoom.TV,0
স্বামীর মাঝে নিজের বাবাকে খুঁজে পেয়েছেন প্রিয়াংকা,0
গোমূত্র খেয়ে সুস্থ আছেন বলিউড তারকা অক্ষয়,0
ত্বক ফর্সায় ৫টি উপায়,0
ওমানে সাইক্লোনের কারণে ২ দিন সরকারি ছুটি ঘোষণা,0
জাপানিজ নারীরা কেন এত সুন্দর? তাদের গোপন বিউটি টিপস জানুন,1
ভিভো’র সাশ্রয়ী মূল্যের ফোন,0
Blue Whale পর এবার এলো মারণ গেম ‘রূপালী বল’,1
দারুণ সুখবর দিলেন হৃত্বিক রোশন,1
মুখ্যমন্ত্রী মমতার উপহার পেল মিথিলা,0
"কুষ্টিয়ায় কঠোর বিধিনিষেধ, দোকানপাট-শপিংমল বন্ধ",0
মুনিয়া ইস্যুতে আলোচনায় এসেছিলেন রাজ,0
বেনাপোল বন্দরে করোনা প্রতিরোধে বাণিজ্যিক সংগঠনের ৮ নির্দেশনা,0
ম’ঞ্চে শাড়ি খুলে যাওয়ায় বিপাকে মাহি!,0
"আমার শরীর, ইচ্ছা হলে আমি দেখাব: শ্রীলেখা",0
"তেলাপোকার উ’পদ্রপ থেকে চি’রতরে মু’ক্তি দেবে দারুচিনি, জা’নুন প’দ্ধতি",1
"বিছানায় প্রেমিকার সঙ্গে শ্রাবন্তীর ছেলে, ছেলের তুলনায় প্রেমিকার বয়স বেশি",0
বিশ্বের সবচেয়ে কমবয়সী অধ্যাপক বাংলাদেশি বালক (ভিডিওসহ),0
চট্টগ্রামের নেতাদের নাপাক বললেন মোদাচ্ছের | দৈনিক মতিকণ্ঠ,0
মামলা করতে লাগবে এনআইডি : হাইকোর্ট,0
বলিউডের কিং খান শাহরুখের বাবা-মায়ের মৃ’ত্যুর হৃদয়স্প’র্শী গল্প!,1
ছোটবেলায় আমার ৮/৯ জন বয়ফ্রেন্ড ছিল : মাহি,0
অনেক বড় পরিবর্তন নিয়ে উ’ইন্ডিজের বিপক্ষে মাঠে নামছে বাংলাদেশ,0
গ্রামের মেয়ের অসাধারন ভাবে ঝাকি জাল দিয়ে পুকুরে মাছ ধরার ভিডিও তুমুল ভাইরাল,1
"‘আমা’র শরীর স্প’র্শ করলেই বিষ খাব’, বাসর রাতে স্বামীকে হু’মকি নববধূর",1
তাহলে আমি কী ৪ বছর বয়সেই বাবা হয়েছিলাম?,1
গরমে ত্বকের উজ্জ্বলতা বাড়াতে…,1
সোশ্যাল মিডিয়ায় ঝড় তুললেন সুহানা,0
মেধাবী ডাক্তার থেকে যেভাবে ‘জনপ্রিয় নায়িকা’ হলে ‘সাই পল্লবী’,0
"বলিউড-হলিউডকে হার মানাচ্ছে চিনের এই গ্রামের মেয়েরা, দেখুন ছবি! ৫ নম্বর ছবিটা দেখলে চোখ ফেরাতে পারবেন না!! -",1
বস্তিবাসীদের জন্য স্থায়ী বাসস্থানের দাবি ফখরুলের,0
মেয়েকে ফিরে পেতে তওবা করে অভিনয় ছাড়েন শাবানা,0
নায়িকা হতে চান জাহিদ হাসান,0
বজ্রপাতে একদিনে ২৯ জনের মৃ'ত্যু,0
থাইল্যান্ডে মারামারি করছেন বাপ্পী!,1
প্লাস্টিক সার্জারি নিয়ে মুখ খুললেন সারা আলি খান,0
ইভ্যালি নিয়ে কথা বলতে ‘নারাজ’ শবনম ফারিয়া,0
"ট্রেনে প’রিচয়, বাড়িতে ডেকে ন;গ্ন ছবি তুলে ১০ লাখ টাকা দা’বি",0
বিপৎসীমার নিচে নেমেছে দক্ষিণ-পশ্চিমাঞ্চলের নদীর পানি,0
প্রেমিকের সঙ্গে রাশিয়া যাচ্ছেন তাপসী?,1
মুগদায় রিকশাচালকের ঘরে মিললো জামালপুরের নিখোঁজ ৩ মাদ্রাসাছাত্রী,0
"এখন আর বিয়ে করে লাভ হবেনা, বিয়ের সময় চলে গেছে: সালমান খান",0
সাড়ে ১০ কোটি বছরের পুরোনো জীবিত কাঁকড়ার সন্ধান মিললো মিয়ানমারে,1
"নৌকায় সুন্দরী তরুণী অসাধারন নাচের ভিডিও ভাইরাল, (ভিডিও)",1
এবার শাকিবে’র নায়িকা হচ্ছেন ‘পূজা চেরি’,0
জনগণের ভিটামিনের অভাব পূরণে কমলাযুদ্ধে নামলেন হাজী সেলিম,0
রাস্তায় চলতে ফিরতে যে ৬ ধরণের পথচারীর সঙ্গে দেখা না হওয়া মানে আপনার দিনটা ভালো যাবে - Bengal Beats,1
"মাত্র ১০ মিনিটে বানিয়ে ফেলুন নরম তুলতুলে সুস্বাদু ‘সুজির চমচম’, শি’খে নিন রেসিপি",0
তারা সৌভাগ্যবান যারা আপনাকে পেয়েছে: ববি,1
এসব খাবার খেলে সত্যিই কি জ’মজ সন্তান হয়!,1
"ছেড়েছেন ইঞ্জিনিয়ারিং, বাবার স্বপ্ন পূরণ করতে চাষের মাঠে সোনা ফলাচ্ছেন এই তরুণী।",0
বিশ্বের সেরা ৫ মুসলিম বিজ্ঞানীর একজন হলেন বাংলাদেশি জাহিদ হাসান,0
সৌদি আরবগামী প্রবাসীদের বুস্টার ডোজ দেওয়ার সিদ্ধান্ত,0
ওষুধ ছাড়াই অ্যালার্জিকে বিদায় জানাবেন যেভাবে,0
আমি গান গেয়ে কোনো টাকা নেই না' - মাহফুজুর রহমান,0
আওয়ামী লীগ ও বিএনপির নির্বাচনী ইশতেহারের সচিত্র eআরকি ভার্সন,0
নিজের বিয়েতে গানের জন্য শ্ব’শুরমশা’ইয়ের কাছ থেকে পারি’শ্রমিক নেন নেহা কক্কর?,1
লকডাউনে প্রেমিককে বিয়ে করতে ৬০ কিলোমিটার হেটেছিলেন প্রেমিকা,0
"বাংলাদেশ থেকে পাঠাচ্ছে অশ্লী’ল মেসেজ, ব্যবস্থা নিচ্ছেন শ্রাবন্তী",0
প্রেমিকার কি’ডনি বি’ক্রি করতে বাধ্য করে টাকা নিয়ে চ’ম্পট প্রেমিক,0
নাসির-অমিসহ পাঁচজনের বিরুদ্ধে মাদকের মা'মলা,0
ফেসবুকে চাকরি পেলেন শাবিপ্রবির দুই শিক্ষার্থী,0
"তরমুজ থেকে গুড়, তাক লাগিয়ে দিয়েছেন কৃষক মৃ’ত্যুঞ্জয়",0
বাংলাদেশের ম্যাচের সময় সূচি পরিবর্তন,0
ভোর ৫টায় সড়কের পাশে গাড়ি থামিয়ে কাঁদলেন দীঘি,0
"বাবা, এ তুমি কেমন ঘরে আমার বিয়ে দিয়েছো? ২ মিনিট সময় নিয়ে গল্পটি পড়ুন",1
সয়াবিন তেলের দাম বাড়ল লিটারে ৯ টাকা!,0
বিনা অনুমতিতে একাই বসবাস করতে পারবেন সৌদি নারীরা,0
ছক্কা মারার কৌশল বলে দিলেন রাব্বি,0
"বালি দিয়ে ২১ মিটার উঁচু প্রাসাদ, গ‌ড়ে‌ছেন রেকর্ড",0
ক্ষমতার লোভে ইসরায়েলে আসল রূপ দেখালো মুসলিম ব্রাদারহুড,0
"এই সেই সন্তান যিনি কিনা তার মাকে গর্ভ;বতী করে ফেলেন, উপায় না পেয়ে মা;য়ের সাথে বিয়ে!",1
সামান্থার আগে শ্রুতিকে বিয়ে করতে চেয়েছিলেন নাগা,0
বাংলাদেশকে অপমান করে যা বললেন স্কটল্যান্ড,0
খোলামেলা দৃশ্য ও চুমু দেয়ার জন্য নায়িকাকে থুতু দিলেন দর্শক!,1
"টাকার বিনিময়ে জ’ন্ম, দেশটি হয়ে যাচ্ছে সন্তান তৈরির কারখানা",1
বিয়ের পর আমার অনেক বেশি উন্নতি হয়েছে: মুশফিক,0
"চরম উত্তেজনায়, শেষ দিনের নাটকীয়তায় টানা দ্বিতীয় জয়",1
"স্বামীর প’রকী’য়া ধরতে গিয়ে ফেঁসে গেল স্ত্রী, ভিডিও ভাইরাল!",1
বিরিয়ানি খেতে চেয়ে গা’লি খেলেন নুসরাত ফারিয়া!,1
‘ম্যাডাম ফুলি’ খ্যাত শিমলা এখন কোথায়?,1
মামুনুল হকের বিয়ে নিয়ে যা বললেন পুলিশ সুপার,1
পৃথিবী বিখ্যাত দুই লাইনের ১৮ টি ভূতের গল্প পড়ুন ...😱 -,1
চট্টগ্রামে ছাত্রলীগকর্মী হত্যা মামলার প্রধান আসামি গ্রেপ্তার,0
গাজীপুরে আবদ্ধ ঘরে ‘প্রেমিক-প্রেমিকার’ রক্তাক্ত লা’শ,0
এভাবেই প্রতিদিন ৯৫ বছর বয়সী মা’কে দুধ-ভাত খাওয়ান স্বপন,1
বাংলাদেশ-ওয়েস্ট ইন্ডিজ: খুব পিছিয়ে নেই টাইগাররা,0
রোগ প্রতিরোধ ক্ষমতা বাড়ায় যে সব ফল ও সবজি,0
"লন্ডনে ব্রিটিশ-বাংলাদেশি সাবিনা হ’ত্যা’কাণ্ড, গ্রে’ফ’তার ১",0
গরু বাঁচাতে গিয়ে ইউএনও’র গাড়ি খাদে,0
সৎ ও নামাজি পাত্র চাই: কর্ণিয়া,0
পিংকি-কাঞ্চনের ৯ বছরের বিবাহিত জীবনে সংসার ২০ দিন!,0
এগুলো আপনাকে মানায় না: শ্রাবন্তীর উদ্দেশে ভক্তরা,0
ইস’লামের দৃষ্টিতে স্ত্রী’ সহ-বাসের ১৫টি একান্ত জরুরি নিয়ম,1
"চতুর্থবার বাবা হচ্ছেন সাইফ, খবর পেয়ে মুখ খুললেন অ’ভিনেতার প্রথম স্ত্রী’র ছে’লে",0
মাঝ আকাশে যাত্রী-ক্রু ধস্তাধস্তিতে বিমানের জরুরি অবতরণ,0
মানিক ভাইয়ের নির্বাচনী র‍্যাপ গান 'বি কেয়ারফুল' এখন গণমানুষের পার্টি সং,0
ইসলাম’কে ‘ভালোবেসে বলিউড’ ছেড়ে আসা সেই ‘সানা খানের’ স্বামীর সাথে ‘ছবি ভাইরাল’,1
নেপালে তিন ট্রাক সুরক্ষা সামগ্রী পাঠিয়েছে বাংলাদেশ,0
বিয়ের পাত্রী খুঁজে না পেয়ে থানায় অভিযোগ,0
ভাই’রাল হওয়া বিশ্ববিদ্যালয়ে পড়ানোর খবর নিয়ে যা বললেন ডিপজল,0
শুক্রবারে পরিবারের ছোট ছেলেরা বাসায় কাজের ছেলের দায়িত্ব পালন করে,0
বিলের পাহাড়ে হাসপাতাল ছাড়তে বাধ্য হচ্ছেন রোগীরা,0
মায়ের যে ঘুমের স্টাইলে মৃত সন্তানের ঝুঁকি বাড়ায় !,0
ধীরে ধীরে সুস্থ হয়ে উঠছেন চলচ্চিত্র অভিনেত্রী নাসরিন,0
ক'রোনা পরিস্থিতিতে ভোটের বিপক্ষে আওয়ামী লীগ,0
"‘ব্লাউজ খুলেছি ঠিকই, তাই বলে আমি …’",1
এ বছর যেভাবে চলবে কোরবানির গরু কেনা-বেচা,0
মাহমুদউল্লাহর বক্তব্যের সমালোচনায় যা বললেন পাপন,1
নিউজিল্যান্ডের বিপক্ষে পাকিস্তানের শক্তিশালী সম্ভাব্য একাদশ ঘোষণা,0
নীল বিকিনিতে যেন জলপরী হয়ে উঠলেন ঋতুপর্ণা,1
বিশ্ববিদ্যালয়ের শিক্ষক হলেন ডিপজল!,0
"কখনো সন্তানকে এসব কথা বলবেন না,বললে চরম ভুল করবেন",1
নতুন সিনেমায় চুক্তিবদ্ধ হলেন বিদ্যা সিনহা মিম,0
ঘরোয়া উপায়ে মুখের তিল দূর করুন,0
বাজেটে বস্ত্র খাতের প্রত্যাশার প্রতিফলন হয়নি: জোবায়ের তানসিম(ভিডিও),0
বাংলাদেশের ছেলেদের অপমান করে যা বললেন পিয়া বিপাশা,1
আমা’র মে’য়ে বিয়ের আগে শা”রী”রি”ক সম্প”র্ক করলে আমি ক’ষ্ট পাবো না: মে’য়েকে নিয়ে মায়ের স্ট্যাটাস ভা”ই’রা”ল!,0
"তাপমাত্রা বাড়ার আভাস, হতে পারে বৃষ্টিও",0
"বাঁশ কাঠ দিয়ে অসাধারন আখের জুস করার মেশিন বানিয়ে তাক লাগালো ‍যুবক,ভিডিও তুমুল ভাইরাল",1
সালমানের স্ত্রী হচ্ছেন সোনাক্ষীই!,1
অর্ধলাখ টাকা চাঁদাবাজিকালে পুলিশ সদস্যসহ গ্রেফতার ৩,0
"বন্যার সময় এক তরুণীর জাল দিয়ে মাছ ধরার কৌশল ,তরুণীর এ মাছ ধরা নিয়ে বিশ্ববাসীকে সাড়া জাগিয়েছে ব্যাপক হয়েছে তুমুল জনপ্রিয় ভাইরাল ভিডিওটি",1
মাহিকে ‘কৃপণ’ বললেন ফারিয়া,1
নতুন করে আর বি’য়ে করা’র ইচ্ছে নে’ই শ্রাবন্তীর,0
সমুদ্রবন্দরে ৩ নম্বর স্থানীয় সতর্ক সংকেত,0
"স্বামী বিদেশে কাজ করে ঘাম ঝরাচ্ছে, স্ত্রী বাড়িতে বসে প্রে;মিকের সাথে ঘাম ঝ;ড়াছে!",1
৩১ কোটি টাকা খরচে সানি লিওনের প্রতিবেশী হলেন অমিতাভ,1
আন্দোলন চালিয়ে যাওয়ার ঘোষণা নটর ডেমের শিক্ষার্থীদের,0
দ্রুত ডিজিটালাইজেশনকে এগিয়ে নিতে ক্রমাগত উদ্ভাবনে হুয়াওয়ে,0
ব্রাহ্মণবাড়িয়ায় পৌনে ৬ কেজি ওজনের শিশুর জন্ম,0
ক'রোনা: সংক্রমণ বাড়ায় টাঙ্গাইলে তিন উপজেলায় কঠোর অবস্থানে যাচ্ছে প্রশাসন,0
অস্ট্রেলিয়ায় মাছ শি’কারে গিয়ে জীবন হা’রা’লেন ২ প্রবাসী বাংলাদেশি,0
"অশনির সংকেত, ভয়ে দেবের প্রেমিকা",1
মুস্তাফিজ অপ্রতিরোধ্য ভয়ংকর বোলার: অজি তারকা,0
"শুভশ্রীর শাড়ি পড়েই উ-দ্দা’ম নাচ , ভাইরাল ভিডিও!",1
স্কুলের হোস্টেলের মধ্যে সন্তানের জন্ম দিলেন এক ছা’ত্রী!,0
"আমার বউ কাউকে দেখাতে চাইনা, নিজেই দেখতে চাই : নিশো",0
সাকিব তার টাকার শ্রাদ্ধ করেছেন : তসলিমা নাসরিন,0
ঐশ্বরীয়া-রণবীরের ঘনিষ্ঠ দৃশ্যে শাশুড়ি জয়া বচ্চনের ক্ষোভ,0
গুগলে সবচেয়ে বেশি সার্চে রয়েছে খালেদা ও হিরো আলম,0
আমার এক ছবির বাজেট বাংলাদেশের ১শ’ ছবির বাজেটের সমান: অনন্ত,0
"কোহলিকে পেছনে ফেলে শীর্ষে বাবর, দুইয়ে রিয়াদ",0
"নিজের গো’পনা’ঙ্গে মেসির ছবি আঁকলেন ব্রাজিলিয়ান মডেল, ভিডিওতে দেখুন",1
বাংলাদেশ দলের ভরাডুবি নিয়ে হার্শা ভোগলের টুইট,0
চুরি করা মালের ভাগ না পেয়ে ৯৯৯-এ কল করে ফেঁসে গেলেন চোর,0
পানিশূন্যতা রোধ করবে এই খাবারগুলো,0
আমায় নিয়ে আপনারা আর খেলবেন না বললেন ভাইরাল হওয়া ‘শ্যামল’,1
পাওনা বেতন দাবি করায় পে’টে লা’থি খেয়ে হাসপাতালে গর্ভবতী মা,0
"আমার বিয়ের বয়স হয়নি, কিন্তু আমার...",1
চালে পোকা ধ’রার সমস্যা দূর করার দারুণ কৌশল জেনে নিন,0
"যেকোনো সময় শাহরুখের বাংলোতে তল্লাশি, ফেঁ’সে যাচ্ছেন বলিউড বাদশাহ?",0
শ্রীলঙ্কা সফরে ভারতের নেতৃত্বে কে?,1
ভক্তদের নিজের সাথে ভিডিও করার সুযোগ দিচ্ছেন সানি লিওন!,0
দ্বিতীয় বার বিয়ে করতে চলেছেন দিয়া মির্জা! পাত্র কে?,0
"জীবন আইসক্রিমের মতো, কামড়ে খাওয়ার তাড়া থাকতে নেই: পরী",0
নতুন লকডাউনে আসতে পারে যেসব কঠোর বিধি নিষেধ,0
এডিট করা ছবি দিলে বাদ হয়ে যাবে ফেসবুক আইডি !,0
আপনার ত্বকের বয়স যে ১০টি কারণে দ্রুত বৃদ্ধি পাচ্ছে,0
বিয়ের ১ মাসের মা’থায় বা’থরুমে লুকিয়ে নব’বধূর স’ন্তা’ন প্র’স’ব,0
"সারাবছর খোঁজ নাই, এহন রেজাল্ট জানতে আইলে বাইন্ধা পিডামু!",0
বাজারে গেলেন বাঁধাকপি কিনতে কিন্তু ফিরে এলেন কোটিপতি হয়ে।,1
বাবার চেয়ে ছেলে ২১ বছরের বড়,1
হিন্দু পরিবারের বউ হচ্ছেন নায়িকা পরীমনি,1
গ্রাফিক ডিজাইনার হয়ে ফ্রিল্যান্সিং করে মিলিওনিয়ার হলেন বাংলাদেশের শরীফ,0
খুলামেলা মোটা শরীর নিয়ে আবারও সমালোচনার মুখে অপু বিশ্বাস,1
মেহজাবিনের সাথে তাহসানের বিয়ে দিয়ে দিলো পুলিশ!,1
"আবেদন নাকচ, সরকারি চাকরিজীবীদের বেতন আর বাড়ছে না",0
আগে আমার চোখে তাকাও তারপর আমার ক্লিভেজে: শ্রীলেখা,0
"নিজেই নিজেকে প্রমাণ করে দেখালেন, তার হৃদয়টা কত বড়",1
বিয়ের আগে স্বামীকে যে কথা সাফ জানিয়ে ছিলেন শিল্পা,1
২০০ কেজি সোনায় বিশ্বের বৃহত্তম কোরআন তৈরি,0
হোয়াটসঅ্যাপে দিনে ১০ কোটি মেসেজ!,0
চিত্রনায়িকা মাহির আফসোস,1
করোনাবিধি এড়াতে মাঝ-আকাশে বিয়ে,0
সালমানের কোলে শাহরুখ খান!,0
কুলির ছেলে থেকে ৩৪০ কোটি টাকার প্রতিষ্ঠানের মালিক!,0
মা হলেন সংগীতশিল্পী সালমা,0
২১ বছরে তৌকী’র-বিপাশার বিবাহিত জীবন,0
নুসরাতকে ছেড়ে ‘পাখি’র কাছে ফিরছেন যশ,1
যানজটের খোঁজ জানাবে পিপ দ্য প্লেস,0
চায়ের রাজ্যে ট্যুরিস্ট বাস,1
"শাড়ি পড়ে বেডরুমের মধ্যেই হিন্দি গানে তুমুল নাচ করলেন যুবতী বৌদি,ভিডিও ভাইরাল",1
৪৩ বছর বয়সে বিয়ের প্রস্তাব! জবাবে যা বললেন রাভিনা,1
"‘বুদ্ধি নয়, নারীদের শরীরের জন্য পছন্দ করি’",1
"ছেলের জন্য স্পেন যাওয়া স্থগিত শাহরুখের, হতাশ গৌরী",0
২৫ লাখ টাকার মোটরসাইকেলে বিশ্বভ্রমণে অজিত,0
"ইভ্যালির অফিস বন্ধ, হটলাইনেও যোগাযোগ সম্ভব হচ্ছে না!",0
"অবিশ্বাস্য এক ঘটনা, শ্বশুরের জীবন বাঁচাতে নিজের কিডনি দিলেন বৌমা!",0
এর চেয়ে মৃত্যু অনেক সহজ – মোহাম্মদ শামি,0
"বেনেটকে অভিনন্দন, নেতানিয়াহুর নাম নেননি বাইডেন",0
ফুটপাতে দুধ-পাউরুটি বিক্রি করে সংসার চলছে সংগীতশিল্পীর!,1
"রেললাইন ভাঙা, গামছা উড়িয়ে ট্রেন থামালো গ্রামবাসী",0
মাছ ভাজার সময় কড়াইয়ে লেগে যায় ?দেখুন সহজ সমাধান,1
অস্ট্রেলিয়াকে বিশাল রানের টার্গেট দিল ওয়েস্ট ইন্ডিজ,0
পরমণির অ’ভিযোগ আনা কে এই নাসির ইউ মাহমুদ,1
এই সিনেমায় জনতার চাপ সইতে না পেরে শুটিং ফেলেই ঢাকার পথে অপু বিশ্বাস,1
পারমাণবিক শক্তি উৎপাদনের স্বপ্ন বাস্তবায়নের উদ্বোধন হচ্ছে,0
ওয়ালটনের নতুন ৪ অ্যান্টেনার ডুয়াল ব্যান্ড রাউটার বাজারে - Techzoom.TV,0
চাইলেই তাহসান-মিথিলাকে নিয়ে আর মন্তব্য করা যাবে না,1
সবাই মজা নেয় : তানজিন তিশা,1
সকলের কাছে দোয়া চেয়ে দেশ ত্যাগ করছেন পূর্ণিমা,0
৯৬’র সেই বিদ্রোহী বুড়ো,1
এই একটি উপাদান ব্যবহারেই দূর হবে শরীরের ছু’লি,1
"৩লাখ টাকা পুঁজি নিয়ে ব্যবসা শুরু করে, এখন ১০০০কোটি টাকার ইফাদ গ্রুপের চেয়ারম্যান!",0
এবার হংকংয়ে ‘রেহানা মরিয়ম নূর’,0
মাদ্রাসা ছাত্র হাদি তৈরি করল মিনি কম্পিউটার,0
"বোতল দিয়ে ফাঁদ বানিয়ে মাছ ধরার অভিনব কৌশল বের করল যুবক, ভিডিওটি সোশ্যাল মিডিয়ায় তুমুল ভাইরাল!",1
ছোট পেটে সন্তানের জায়গা হয়,0
বিলাসবহুল গাড়ি ও ফ্ল্যাট নিয়ে অবশেষে মুখ খুললেন পরীমনি,0
যে কারণে ভেঙেছে আমিরের ভাগ্নে নায়ক ইমরানের এত দিনের সংসার,0
"সাতক্ষীরায় কমছে না সংক্রমণ, আরও ৭ জনের মৃ'ত্যু",0
বিয়ের পিঁড়িতে মুনমুন-আলেকজান্ডার!,0
বাংলাদেশ সফরে আসবেন রজনীকান্ত | দৈনিক মতিকণ্ঠ,0
বিশ্বকাপের ধারাভাষ্য কক্ষে তারার মেলা,0
তারকাদের আইডি হ্যাক করছে কারা?,1
বাচ্চাকে মুরগীর কলিজা খাওয়ানো কতটুকু স্বাস্থ্যসম্মত? প্রথ্যেক বাবা এবং মা জানা প্রয়োজন,0
"প্রথমে ব্যাটিং কিংবা ফিল্ডিং, ফাইনালে ‘নতুন টোকক্কা’ দিল অস্ট্রেলিয়া",0
মা হচ্ছেন মিথিলা!,1
ওয়ান স্টপ সার্ভিস দিতে অপোর ফ্লাগশিপ স্টোরের উদ্বোধন - Techzoom.TV,0
অভিনেত্রী চম্পার সময় কাটছে ইবাদত বন্দেগিতে,0
জেরুজালেমের সেই মুনাকে তুলে নিয়ে গেল ব'র্বর ইসরায়েলি পুলিশ,0
একবার করেই ৮৫ লাখ টাকা নেবেন তামান্না,1
রাসেলকে ছাড়া ইভ্যালির ঋণ শোধ সম্ভব নয় - Techzoom.TV,0
পাওনা টেকা জলদি পরিশুধ করুন: বাবুনগরী | দৈনিক মতিকণ্ঠ,0
"নকিয়ার কারখানায় উৎপাদন শুরু, আসছে শাওমিও",0
"ডিম তো খান, জানেন কি এর খোসার ব্যবহার!",1
"দাম কমে গেছে এলপি গ্যাসের, মূল্য বেশী রাখলে যা করবেন",1
নিজেকে স্টাইল আইকন মনে করেন জায়েদ খান,0
এক সময়ের তুমুল আলোচিত নায়িকা যে কারণে আজ নিঃসঙ্গ,1
ই'সরায়েলের সহায়তায় নাগরিকদের ফোনে আড়ি পাতছে সৌদি,0
সিএ’ন’জিতে’ই কা’ম সা’রে অ’নেক খ’দ্দে’র!,1
ভাগ্য ফেরাতে ১০০ টাকা নিয়ে ঢাকায় এসে গার্মেন্টস মালিক!,1
বিরোধীদলের নেতা হিসেবে শপথ নেয়ার আগের রাতে এরশাদ ডায়েরিতে যা যা লিখলেন,1
শহরের চেয়ে গ্রামে ব্রডব্যান্ডের দাম বেশি - Techzoom.TV,0
"কোয়ালিফিকেশনের নিয়মে পরিবর্তন আনল আইসিসি, বিপাকে বাংলাদেশ",0
এই গরমে লম্বা চুল সুন্দর রাখার সহজ ঘরোয়া উপায় শিখে নিন,0
মাত্র ১৩ টাকায় মিলছে বাড়ি!,1
"প্রথমবারের মত মেয়ের মুখ দেখলেন ওলিজা, দ্বিতীয়বার নানা হলেন ডিপজল",0
রোনালদোর দুই সেকেন্ডের কান্ডে ৩৩ হাজার কোটি খোয়াল কোকাকোলা,0
শিশু সন্তানের দুধ কিনতে না পেরে অনবরত কাঁদছেন বাবা,0
লঞ্চের কেবিন ভাড়া করে অ’নৈতিক কাজে লিপ্ত হচ্ছেন ত’রুণ-ত’রুণীরা,0
দেশে এসেছে ফাইজারের সোয়া ৬ লাখ টিকা,0
খেজুর খেলে যেসব রো’গ কাছেও আসবেনা না…,1
শুক্র গ্রহের মেঘে ভাসছে জীবন্ত প্রাণী!,1
স্মার্টফোন বাজারে শীর্ষস্থানে ভিভো,0
"আর নয় ‘ফ্ল্যাগশিপ’ ডিএসএলআর, মিররলেসে ঝুঁকছে ক্যানন - Techzoom.TV",0
স্ত্রী’কে নিয়ে ‘ডি’নার ডে’ট’-এ যাবেন সাকিব,0
"শ্রাবন্তীর সঙ্গে মজা পান না, নতুন প্রেমিকের সঙ্গেও ফাটল",1
রাজীবের সাথে আমি যা করেছি তা একদম ভুল করিনি : প্রভা,1
২৬ বছর ধরে ড্রেনের মধ্যে সুখে সংসার করছেন স্বামী-স্ত্রী,0
হার্ভার্ডে বিশ্ববিদ্যালয়ের গবেষক হিসেবে ডাক পেয়েছেন বাংলাদেশের ইবনে সিনা!,0
বেবি বাম্প প্রকাশ করে ‘জুলাইয়ে মা হওয়ার কথা জানালেন নাবিলা,0
উমা বৌদির বিপুল জনপ্রিয়তাকে টপকে যেতে পারবেন কি ঝুমা বৌদি,1
মহামারিতে আন্তর্জাতিক সাফল্য আনলেন ২ শিক্ষার্থী,0
বেঁচে যাওয়া ৪ কোটি ৪৪ লাখ টাকা ফেরত দিলেন ঠিকাদার,0
"৫০ বছরেও আবেদনময়ী ঋতুপর্ণা, রইল উত্তাপ ছড়ানো কিছু ছবি",1
একজনকে বাঁ’চাতে গিয়ে প্রা’ণ গেল তিনজনের,0
বিনোদন দারুণ কায়দায় যু’বতীকে বাইক চালানো শেখাচ্ছেন যু’বক,1
এত বড় ছেলে রেখে ব্যবসায়ীকে দ্বিতীয়বার বিয়ে করছেন অপু বিশ্বাস!,1
বৃহস্পতিবার ঢাকার যেসব স্থানে যাবেন না,1
"ভালবাসার মানুষের জন্মদিন, ছবি দিয়ে ‘ভালবাসি’ লিখলেন শ্রাবন্তী",1
টানা ৫ বছর ঘুমিয়ে কেটেছে তার!,1
৪ কোটি টাকা খরচে বিদেশি তরুণীকে বাংলাদেশী মেয়ের বিয়ে,0
কেন মশা পরিশ্রমী মানুষদের বেশি কামড়ায়? কারণ জানলে অবাক হবেন,1
বিকাশে থাকছে না ‘বাই এয়ারটাইম’!,1
ফেসবুক আইডি হ্যা’ক হলে যে কাজগুলো করবেন,1
শাকিবের উপর একটু আঁচড় সহ্য করব না : অপু,0
পূজা উপলক্ষে আঁখির ডিজাইন করা শাড়িতে অপরূপ মৌ,0
"রেইট কম , যে কে;উ রাত কা;টাতে পারবেন : সালমা",1
ধোনির মতোই মাশরাফিকেও বিশ্বকাপে বাংলাদেশ দলের মেন্টর বানানোর দাবি ফাহিমের,0
অনর সিরিজের নতুন ফোন ৬০ এসই - Techzoom.TV,0
"দিল্লির বিরুদ্ধে এগিয়ে রয়েছেন তাঁরাই, মনে করেন শুভমন গিল",0
ফের শিক্ষাপ্রতিষ্ঠান খোলার তারিখ পেছাচ্ছে,0
"বিদেশে খেটে মরছে স্বামী, দেশে প্রেমিকের সঙ্গে ফুর্তিতে মজেছে বউ ",0
eআরকি ট্রাভেল গাইড : যেভাবে পায়ে হেঁটে একটি সফল বাণিজ্য মেলা ভ্রমণ করতে পারেন,0
এবার ৬ জনের বি’রুদ্ধে মা’মলা করলেন পরীমণি,0
রণবীরের সঙ্গে সম্পর্ক বিচ্ছেদ আশীর্বাদের মতো ছিলো : দিপীকা,0
যৌবনের মেয়াদ শেষ হলে তবেই গ্রামে ফিরবি'(ভিডিও),1
পর;পুরুষের কাছে স্ত্রীকে রেখে স্বামী বলেন ‘রুমানা ভাইকে একটু খু;শি করে দাও’,0
বাংলাদেশের কাছে হেরে যাওয়া দুই দলই বিশ্বকাপ ফাইনালে,0
‘জীবনে অনেক ভু’ল করে দে’উলিয়া হয়েছি’,0
বঙ্গবন্ধু সেতু পশ্চিম মহাসড়কে তীব্র যানজট,0
সা’পের মতো এই মাছটি দেখলেই সাথে সাথে মে;রে ফেলার নি’র্দেশ,1
“পরীমনিকে নয় ডাক্তার কামরুল স্যারকে ভাইরাল করুন “,1
পুরুষ সং;কটে ভুগছে ৬ দেশ!,1
‘ব্লু-ইকোনোমি: সেক্টরস অ্যান্ড প্রোসপেক্টস’ বিষয়ক আলোচনা অনুষ্ঠিত,0
যবিপ্রবির ল্যাবে নমুনা পরীক্ষায় ৩৪ শতাংশ করোনা শনাক্ত,0
মাস্টারশেফ অস্ট্রেলিয়ায় তৃতীয় হলেন কিশোয়ার চৌধুরী,0
এইমাত্র পাওয়া: দীর্ঘদিন আড়ালে থেকে মা হতে চলেছেন পপি!,1
জি-ফাইভে আসছে ফারুকীর প্রথম ওয়েব সিরিজ,0
সাকিব আল হাসানের জন্য কাঁদলেন মৌসুমী,0
আগামী মাসে দেশে বন্যার আশ’ঙ্কা,0
"৭ম শ্রেণীতেই প্রেম, নবমে এসেই ভিডিও ফাঁস",1
ফেসবুকে গৃহকর্তাকে ফ্রেন্ড রিকোয়েস্ট পাঠালো ঢাবি শিক্ষার্থী কাজের মেয়ে,1
"১৫ মিনিটেই কাজ শেষ, পেলেন সাড়ে চার কোটি টাকা",1
শক্তি হারিয়ে নিম্নচাপে পরিণত হল ইয়াস!,0
"পুলিশের হাতে আটক প্রিয়াঙ্কা গান্ধী, এলাকায় রণক্ষেত্র, বন্ধ ইন্টারনেট",0
‘তিনি আমাকে আচমকাই জড়িয়ে ধরেন’,1
"৩৯ বউ, ৯৪ সন্তান নিয়ে বিশ্বের বৃহত্তম পরিবার ভারতীয়র; ৪০ মুরগি লাগে প্রতি বেলায়!",0
বৃষ্টিতে মুঠোফোন ভিজে গেলে কী করবেন?,0
ব্রাশ হারিয়ে গেছে রিজভীর !,0
শুভশ্রী কীভাবে উড়লেন?,1
স্মার্টফোন ব্যবহার করেন না যেসব বিখ্যাত মানুষ - Techzoom.TV,0
‘বিশ্বচ্যাম্পিয়ন’ উইন্ডিজকে ৫০ বলে হারিয়ে যা বললেন মরগান,0
সৌদির ভিশন ২০৩০-র গুরুত্বপূর্ণ অংশ হবে বিনোদন খাত,0
পরকীয়ায় মত্ত শিপা ঘুমের ওষুধ খাইয়ে স্বামীকে হত্যা করেন,0
জমি বা ফ্ল্যাট কেনার আগে যে বিষয়গুলো খেয়াল রাখবেন,0
পদবীতে খালিসিকে পেছনে ফেলে দিলেন মাহফুজুর রহমান,0
পু’রুষের হা’রানো শ’ক্তি ফি’রে পেতে লজ্জাবতী গাছ যেভাবে ব্যবহার করবেন!,1
বাছাই পর্ব শেষে টি-টোয়েন্টি বিশ্বকাপে সর্বোচ্চ উইকেট সংগ্রহক সাকিব আল হাসান,0
নিজের সবচেয়ে দামি জমিতে মসজিদ-মাদ্রাসা তৈরী করলেন সাবেক স্পিনার রফিক,0
"সকল সাংসদের ভাবনা, কাজ ও কর্ম এমনই হোক",0
আরমানের সাথে সিঙ্গাপুর গিয়েছিলেন পরীমণি :প্রত্যক্ষদর্শী হিসেবে বললেন জয়নাল হাজারী,0
অবিবাহিতদের জন্য আলাদা ফেসবুক চালু করার জন্য জাকারবার্গের নিকট আবেদনপত্র,0
"ওকে গুগল, এবার তুমি চুপ করো তো! ",1
ইভ্যালির ব্যয় মেটাতে গাড়ি-কম্পিউটার বেচে দেয়ার সিদ্ধান্ত - Techzoom.TV,0
"সরল বিশ্বাস করে ঠকেছি, বা’জে কিছু ছড়ালে বিভ্রান্ত হবেন নাঃঅভিনেত্রী চাঁদনী",0
ভুলেও এই খাবার গুলো গরম করে খাবেন না,1
"মনের মানুষের জন্য ,ইসলাম ধর্ম গ্রহণের পর পছন্দের ছেলেকে বিয়ে করলেন কিশোরী",0
ছেত্রী চান না মেসির সঙ্গে নিজের তুলনা,0
মেসেঞ্জার গ্রুপের বার্তা ও কলের তথ্য জানবে না কেউ - Techzoom.TV,0
দেখা মিলল মানুষের মতো এক বিরল প্রা’ণীর,1
শ্রমিক পিকেটিংয়ের কবলে বেকায়দায় আম্পায়ারদের গাড়ি,0
চরিত্রের প্রয়োজনে ‘নগ্ন হতে আপত্তি নেই’,1
সৌদি আরবে রয়েছে ১৫৪টি সিনেমা হল,0
"নববধূর ঘোমটা সরাতেই চক্ষু চড়কগাছ পরিবারের সদস্যের, সবার সামনে দিল দুই থাপ্পর…জানুন কি হয়েছিলো",1
রাজধানীতে সুতার কারখানায় ভয়াবহ আগুন,0
এইচএসসির ফলাফল ১৯জুলাই! পাশের হার ৪৮%!,1
ব্যবসায়ীর ১৮ লাখ টাকা ফেরত দিলেন রিকশাচালক,0
